0001,23.10.2009,12,15,20,36,38,06,Mapula/Suikerbossie,P1/PB4
0002,27.10.2009,05,15,17,31,37,03,Mapula/Suikerbossie,P2/PB2
0003,30.10.2009,11,14,16,30,31,08,Ndyebokazi/Khensani,P3/PB2
0004,03.11.2009,18,24,27,36,40,11,Ndyebokazi/Khensani,P1/PB3
0005,06.11.2009,10,17,23,31,42,19,Ndyebokazi/Khensani,P3/PB3
0006,10.11.2009,12,20,22,28,33,14,Ndyebokazi/Khensani,P2/PB1
0007,13.11.2009,32,35,38,39,43,19,Ndyebokazi/Khensani,P3/PB4
0008,17.11.2009,01,09,23,41,43,03,Mapula/Suikerbossie,P1/PB3
0009,20.11.2009,12,16,28,42,44,04,Ndyebokazi/Khensani,P4/PB1
0010,24.11.2009,01,18,19,32,42,09,Mapula/Suikerbossie,P1/PB4
0011,27.11.2009,12,18,31,37,45,16,Ndyebokazi/Khensani,P4/PB3
0012,01.12.2009,05,08,25,41,45,13,Mapula/Suikerbossie,P1/PB1
0013,04.12.2009,17,23,27,38,43,04,Ndyebokazi/Khensani,P4/PB2
0014,08.12.2009,13,16,37,39,42,07,Mapula/Suikerbossie,P3/PB1
0015,11.12.2009,10,20,22,23,35,17,Ndyebokazi/Khensani,P2/PB3
0016,15.12.2009,07,29,31,32,39,13,Mapula/Suikerbossie,P1/PB1
0017,18.12.2009,05,08,11,28,34,15,Ndyebokazi/Khensani,P2/PB3
0018,22.12.2009,02,14,27,39,42,10,Mapula/Suikerbossie,P1/PB3
0019,29.12.2009,18,27,32,38,42,20,Ndyebokazi/Khensani,P2/PB4
0020,01.01.2010,17,21,24,32,37,10,Ndyebokazi/Khensani,P3/PB4
0021,05.01.2010,01,08,31,43,44,11,Ndyebokazi/Khensani,P1/PB3
0022,08.01.2010,06,15,27,39,45,19,Mapula/Suikerbossie,P4/PB1
0023,12.01.2010,10,11,18,30,35,07,Ndyebokazi/Khensani,P2/PB2
0024,15.01.2010,01,05,21,42,44,08,Mapula/Suikerbossie,P1/PB4
0025,19.01.2010,10,16,18,21,38,18,Ndyebokazi/Khensani,P4/PB4
0026,22.01.2010,07,11,18,19,34,07,Mapula/Suikerbossie,P1/PB3
0027,26.01.2010,02,03,15,21,36,19,Mapula/Suikerbossie,P4/PB2
0028,29.01.2010,02,06,39,42,43,03,Mapula/Suikerbossie,P1/PB1
0029,02.02.2010,07,25,33,38,42,08,Ndyebokazi/Khensani,P2/PB2
0030,05.02.2010,01,08,21,29,39,20,Ndyebokazi/Khensani,P1/PB1
0031,09.02.2010,10,18,26,36,45,19,Ndyebokazi/Khensani,P2/PB3
0032,12.02.2010,06,32,36,38,45,01,Ndyebokazi/Khensani,P3/PB2
0033,16.02.2010,22,23,30,33,44,09,Ndyebokazi/Khensani,P4/PB4
0034,19.02.2010,07,08,10,22,35,04,Ndyebokazi/Khensani,P1/PB3
0035,23.02.2010,04,12,18,34,41,14,Ndyebokazi/Khensani,P4/PB1
0036,26.02.2010,04,09,14,23,37,08,Ndyebokazi/Khensani,P3/PB3
0037,02.03.2010,01,12,15,36,43,06,Ndyebokazi/Khensani,P1/PB4
0038,05.03.2010,10,11,12,22,38,10,Mapula/Suikerbossie,P1/PB3
0039,09.03.2010,03,06,11,28,45,15,Mapula/Suikerbossie,P2/PB2
0040,12.03.2010,08,14,18,22,28,10,Mapula/Suikerbossie,P5/PB4
0041,16.03.2010,16,32,40,42,45,16,Mapula/Suikerbossie,P5/PB1
0042,19.03.2010,07,11,33,44,45,03,Ndyebokazi/Khensani,P1/PB3
0043,23.03.2010,01,06,09,10,15,11,Mapula/Suikerbossie,P4/PB4
0044,26.03.2010,25,30,33,36,44,15,Mapula/Suikerbossie,P1/PB2
0045,30.03.2010,09,27,30,35,42,17,Ndyebokazi/Khensani,P3/PB4
0046,06.04.2010,02,13,19,38,42,16,Ndyebokazi/Khensani,P1/PB3
0047,09.04.2010,02,16,27,30,31,15,Mapula/Suikerbossie,P3/PB4
0048,13.04.2010,15,18,28,42,45,05,Mapula/Suikerbossie,P1/PB3
0049,16.04.2010,07,19,21,37,40,18,Mapula/Suikerbossie,P3/PB1
0050,20.04.2010,07,20,26,32,39,03,Ndyebokazi/Khensani,P5/PB4
0051,23.04.2010,12,18,43,44,45,05,Mapula/Suikerbossie,P3/PB2
0052,27.04.2010,13,14,23,24,27,01,Mapula/Suikerbossie,P5/PB3
0053,30.04.2010,01,11,30,35,44,15,Mapula/Suikerbossie,P3/PB1
0054,04.05.2010,09,17,28,36,43,04,Mapula/Suikerbossie,P5/PB3
0055,07.05.2010,10,18,25,26,34,15,Ndyebokazi/Khensani,P5/PB4
0056,11.05.2010,04,14,17,42,44,13,Ndyebokazi/Khensani,P5/PB2
0057,14.05.2010,06,08,15,32,42,07,Ndyebokazi/Khensani,P5/PB1
0058,18.05.2010,06,17,25,29,42,06,Ndyebokazi/Khensani,P1/PB3
0059,21.05.2010,02,14,25,30,40,02,Mapula/Suikerbossie,P4/PB3
0060,25.05.2010,04,15,21,30,32,08,Ndyebokazi/Khensani,P1/PB4
0061,28.05.2010,02,09,24,26,42,02,Ndyebokazi/Khensani,P1/PB5
0062,01.06.2010,02,05,12,23,45,15,Ndyebokazi/Khensani,P2/PB2
0063,04.06.2010,01,16,20,27,33,13,Mapula/Suikerbossie,P4/PB3
0064,08.06.2010,07,08,23,30,39,06,Ndyebokazi/Khensani,P2/PB4
0065,11.06.2010,12,14,18,23,42,13,Ndyebokazi/Khensani,P4/PB2
0066,15.06.2010,13,25,34,40,41,07,Mapula/Suikerbossie,P1/PB5
0067,18.06.2010,06,08,09,11,22,15,Mapula/Suikerbossie,P2/PB1
0068,22.06.2010,16,23,36,40,45,19,Mapula/Suikerbossie,P4/PB3
0069,25.06.2010,13,23,31,40,42,11,Mapula/Suikerbossie,P2/PB2
0070,29.06.2010,05,08,09,23,35,09,Ndyebokazi/Khensani,P4/PB4
0071,02.07.2010,02,06,07,09,31,07,Ndyebokazi/Khensani,P2/PB2
0072,06.07.2010,07,08,21,39,41,09,Ndyebokazi/Khensani,P4/PB4
0073,09.07.2010,12,15,18,20,25,13,Ndyebokazi/Khensani,P3/PB1
0074,13.07.2010,05,11,13,20,30,15,Mapula/Suikerbossie,P5/PB3
0075,16.07.2010,13,20,42,44,45,12,Ndyebokazi/Khensani,P2/PB1
0076,20.07.2010,01,21,27,32,36,09,Mapula/Suikerbossie,P3/PB5
0077,23.07.2010,18,23,24,33,37,15,Ndyebokazi/Khensani,P5/PB5
0078,27.07.2010,02,07,19,24,30,20,Mapula/Suikerbossie,P1/PB3
0079,30.07.2010,02,09,21,25,37,12,Mapula/Suikerbossie,P1/PB1
0080,03.08.2010,01,06,15,35,44,20,Mapula/Suikerbossie,P3/PB3
0081,06.08.2010,01,03,13,22,29,18,Ndyebokazi/Khensani,P3/PB2
0082,10.08.2010,09,19,31,33,45,16,Ndyebokazi/Khensani,P5/PB4
0083,13.08.2010,08,09,10,31,39,12,Mapula/Suikerbossie,P2/PB2
0084,17.08.2010,11,17,30,35,45,20,Mapula/Suikerbossie,P1/PB4
0085,20.08.2010,15,21,24,32,44,11,Mapula/Suikerbossie,P1/PB4
0086,24.08.2010,06,23,27,33,44,16,Mapula/Suikerbossie,P3/PB5
0087,27.08.2010,07,08,26,36,42,20,Ndyebokazi/Khensani,P5/PB2
0088,31.08.2010,12,27,37,41,44,20,Mapula/Suikerbossie,P4/PB1
0089,03.09.2010,12,17,37,41,43,08,Ndyebokazi/Khensani,P2/PB5
0090,07.09.2010,03,25,37,42,44,10,Mapula/Suikerbossie,P4/PB3
0091,10.09.2010,01,17,19,33,38,01,Mapula/Suikerbossie,P5/PB4
0092,14.09.2010,03,23,29,33,40,02,Ndyebokazi/Khensani,P1/PB1
0093,17.09.2010,02,19,28,42,44,05,Ndyebokazi/Khensani,P3/PB1
0094,21.09.2010,31,33,36,40,42,13,Ndyebokazi/Khensani,P5/PB2
0095,24.09.2010,01,05,10,16,19,08,Ndyebokazi/Khensani,P3/PB5
0096,28.09.2010,01,03,04,05,40,15,Ndyebokazi/Khensani,P4/PB3
0097,01.10.2010,16,22,28,30,31,20,Mapula/Suikerbossie,P3/PB5
0098,05.10.2010,03,15,25,32,38,04,Mapula/Suikerbossie,P4/PB3
0099,08.10.2010,03,07,16,21,40,03,Ndyebokazi/Khensani,P2/PB4
0100,12.10.2010,01,17,18,19,44,14,Ndyebokazi/Khensani,P1/PB3
0101,15.10.2010,04,14,26,34,44,12,Ndyebokazi/Khensani,P3/PB2
0102,19.10.2010,09,11,17,35,38,16,Mapula/Suikerbossie,P2/PB5
0103,22.10.2010,10,15,16,22,36,01,Mapula/Suikerbossie,P5/PB3
0104,26.10.2010,13,28,32,35,36,08,Ndyebokazi/Khensani,P4/PB2
0105,29.10.2010,10,31,32,39,45,10,Ndyebokazi/Khensani,P2/PB5
0106,02.11.2010,12,13,21,22,29,09,Ndyebokazi/Khensani,P3/PB3
0107,05.11.2010,01,04,25,26,32,10,Ndyebokazi/Khensani,P4/PB1
0108,09.11.2010,06,22,29,35,45,08,Mapula/Suikerbossie,P1/PB1
0109,12.11.2010,04,08,11,16,40,17,Mapula/Suikerbossie,P5/PB4
0110,16.11.2010,04,28,32,38,40,02,Ndyebokazi/Khensani,P1/PB5
0111,19.11.2010,01,17,19,26,32,04,Mapula/Suikerbossie,P4/PB5
0112,23.11.2010,02,09,10,33,43,06,Mapula/Suikerbossie,P5/PB3
0113,26.11.2010,12,17,22,25,34,19,Ndyebokazi/Khensani,P4/PB5
0114,30.11.2010,03,06,11,12,25,09,Mapula/Suikerbossie,P5/PB1
0115,03.12.2010,19,24,37,43,45,10,Mapula/Suikerbossie,P2/PB4
0116,07.12.2010,12,28,30,44,45,09,Ndyebokazi/Khensani,P2/PB3
0117,10.12.2010,06,13,18,24,41,07,Ndyebokazi/Khensani,P4/PB4
0118,14.12.2010,12,30,31,32,35,04,Ndyebokazi/Khensani,P1/PB4
0119,17.12.2010,01,07,08,17,30,17,Mapula/Suikerbossie,P3/PB1
0120,21.12.2010,19,25,31,39,40,14,Ndyebokazi/Khensani,P4/PB4
0121,24.12.2010,26,30,31,33,40,03,Mapula/Suikerbossie,P5/PB2
0122,28.12.2010,05,06,07,09,17,11,Mapula/Suikerbossie,P1/PB3
0123,31.12.2010,03,21,23,32,35,07,Ndyebokazi/Khensani,P3/PB5
0124,04.01.2011,02,12,18,30,38,10,Mapula/Suikerbossie,P1/PB4
0125,07.01.2011,09,12,26,29,34,12,Ndyebokazi/Khensani,P1/PB3
0126,11.01.2011,14,15,22,27,37,07,Mapula/Suikerbossie,P4/PB5
0127,14.01.2011,08,16,21,36,42,04,Mapula/Suikerbossie,P5/PB4
0128,18.01.2011,05,10,36,41,44,18,Ndyebokazi/Khensani,P5/PB5
0129,21.01.2011,06,13,18,19,22,10,Mapula/Suikerbossie,P4/PB4
0130,25.01.2011,03,09,12,18,38,09,Mapula/Suikerbossie,P2/PB1
0131,28.01.2011,05,09,11,22,37,07,Ndyebokazi/Khensani,P3/PB3
0132,01.02.2011,02,05,29,39,41,07,Mapula/Suikerbossie,P4/PB3
0133,04.02.2011,11,12,16,31,37,03,Ndyebokazi/Khensani,P3/PB2
0134,08.02.2011,14,20,22,34,35,08,Mapula/Suikerbossie,P2/PB5
0135,11.02.2011,14,25,27,31,34,10,Ndyebokazi/Khensani,P5/PB4
0136,15.02.2011,01,17,23,41,42,17,Mapula/Suikerbossie,P3/PB3
0137,18.02.2011,02,07,12,17,31,17,Mapula/Suikerbossie,P1/PB4
0138,22.02.2011,04,10,12,33,35,16,Ndyebokazi/Khensani,P2/PB2
0139,25.02.2011,03,24,31,37,41,02,Ndyebokazi/Khensani,P4/PB3
0140,01.03.2011,01,07,24,28,37,15,Ndyebokazi/Khensani,P5/PB1
0141,04.03.2011,07,13,18,34,44,20,Ndyebokazi/Khensani,P3/PB5
0142,08.03.2011,17,21,31,34,41,04,Ndyebokazi/Khensani,P2/PB4
0143,11.03.2011,05,34,39,43,45,08,Mapula/Suikerbossie,P5/PB3
0144,15.03.2011,12,22,32,36,43,10,Ndyebokazi/Khensani,P3/PB5
0145,18.03.2011,08,28,36,40,42,04,Mapula/Suikerbossie,P1/PB4
0146,22.03.2011,08,15,24,39,41,08,Mapula/Suikerbossie,P1/PB3
0147,25.03.2011,13,16,25,36,39,08,Mapula/Suikerbossie,P2/PB1
0148,29.03.2011,03,15,17,24,38,13,Mapula/Suikerbossie,P4/PB2
0149,01.04.2011,01,12,23,36,42,18,Nalakazi/Suriya,P3/PB2
0150,05.04.2011,16,23,25,33,34,09,Mapula/Suikerbossie,P1/PB2
0151,08.04.2011,01,14,37,39,40,03,Mapula/Suikerbossie,P2/PB1
0152,12.04.2011,07,20,27,35,37,10,Mapula/Suikerbossie,P4/PB1
0153,15.04.2011,08,15,18,25,37,05,Mapula/Suikerbossie,P5/PB4
0154,19.04.2011,08,14,15,16,38,02,Ndyebokazi/Khensani,P4/PB3
0155,26.04.2011,12,16,25,37,45,07,Ndyebokazi/Khensani,P3/PB3
0156,29.04.2011,01,15,39,41,45,07,Mapula/Suikerbossie,P4/PB1
0157,03.05.2011,08,10,11,33,34,17,Mapula/Suikerbossie,P4/PB3
0158,06.05.2011,04,09,20,38,45,02,Ndyebokazi/Khensani,P1/PB2
0159,10.05.2011,01,17,31,41,43,01,Mapula/Suikerbossie,P2/PB4
0160,13.05.2011,04,10,11,32,38,06,Mapula/Suikerbossie,P5/PB5
0161,17.05.2011,13,16,24,26,27,10,Ndyebokazi/Khensani,P1/PB1
0162,20.05.2011,03,07,10,31,42,06,Mapula/Suikerbossie,P2/PB4
0163,24.05.2011,13,16,21,41,45,18,Mapula/Suikerbossie,P3/PB5
0164,27.05.2011,07,16,22,34,45,17,Mapula/Suikerbossie,P5/PB4
0165,31.05.2011,07,08,13,33,35,17,Ndyebokazi/Khensani,P1/PB2
0166,03.06.2011,06,30,31,33,36,16,Ndyebokazi/Khensani,P3/PB1
0167,07.06.2011,10,16,24,32,35,07,Mapula/Suikerbossie,P2/PB2
0168,10.06.2011,13,24,26,30,42,16,Ndyebokazi/Khensani,P4/PB2
0169,14.06.2011,11,16,34,39,40,11,Ndyebokazi/Khensani,P2/PB4
0170,17.06.2011,15,23,33,44,45,06,Ndyebokazi/Khensani,P5/PB3
0171,21.06.2011,02,08,28,30,35,13,Mapula/Suikerbossie,P5/PB5
0172,24.06.2011,06,18,28,31,36,20,Ndyebokazi/Khensani,P1/PB3
0173,28.06.2011,02,16,25,37,41,12,Mapula/Suikerbossie,P2/PB1
0174,01.07.2011,02,09,31,35,37,04,Mapula/Suikerbossie,P5/PB3
0175,05.07.2011,02,30,31,34,42,05,Mapula/Suikerbossie,P1/PB5
0176,08.07.2011,05,22,30,32,33,18,Mapula/Suikerbossie,P3/PB1
0177,12.07.2011,10,16,28,34,45,06,Ndyebokazi/Khensani,P5/PB4
0178,15.07.2011,09,16,19,24,28,19,Ndyebokazi/Khensani,P1/PB5
0179,19.07.2011,02,14,15,18,29,20,Mapula/Suikerbossie,P4/PB3
0180,22.07.2011,13,22,25,26,35,13,Mapula/Suikerbossie,P2/PB4
0181,26.07.2011,18,26,28,34,36,03,Mapula/Suikerbossie,P3/PB1
0182,29.07.2011,07,12,23,40,42,02,Ndyebokazi/Khensani,P5/PB3
0183,02.08.2011,03,09,16,27,31,13,Ndyebokazi/Khensani,P2/PB5
0184,05.08.2011,05,09,10,21,44,10,Mapula/Suikerbossie,P3/PB2
0185,09.08.2011,31,37,38,43,45,15,Mapula/Suikerbossie,P4/PB2
0186,12.08.2011,02,08,39,41,43,16,Mapula/Suikerbossie,P1/PB4
0187,16.08.2011,03,10,16,21,22,09,Mapula/Suikerbossie,P5/PB3
0188,19.08.2011,05,14,19,21,28,11,Ndyebokazi/Khensani,P4/PB5
0189,23.08.2011,04,17,20,22,31,13,Ndyebokazi/Khensani,P2/PB2
0190,26.08.2011,10,18,20,36,39,13,Ndyebokazi/Khensani,P1/PB3
0191,30.08.2011,04,05,19,37,38,15,Ndyebokazi/Khensani,P5/PB2
0192,02.09.2011,15,25,34,43,45,01,Ndyebokazi/Khensani,P3/PB4
0193,06.09.2011,01,02,05,30,40,03,Mapula/Suikerbossie,P4/PB5
0194,09.09.2011,10,18,23,36,40,04,Mapula/Suikerbossie,P3/PB1
0195,13.09.2011,05,11,17,28,44,20,Ndyebokazi/Khensani,P2/PB3
0196,16.09.2011,02,03,04,28,38,20,Mapula/Suikerbossie,P1/PB4
0197,20.09.2011,08,10,23,31,38,08,Ndyebokazi/Khensani,P3/PB5
0198,23.09.2011,05,22,24,25,27,05,Mapula/Suikerbossie,P4/PB3
0199,27.09.2011,01,07,08,22,40,18,Mapula/Suikerbossie,P1/PB1
0200,30.09.2011,11,21,24,28,35,17,Ndyebokazi/Khensani,P3/PB3
0201,04.10.2011,08,10,26,40,42,04,Mapula/Suikerbossie,P4/PB2
0202,07.10.2011,33,36,38,40,44,04,Mapula/Suikerbossie,P5/PB1
0203,11.10.2011,08,10,24,39,43,08,Ndyebokazi/Khensani,P1/PB5
0204,14.10.2011,15,20,21,31,35,05,Ndyebokazi/Khensani,P3/PB3
0205,18.10.2011,02,08,12,15,32,13,Mapula/Suikerbossie,P2/PB2
0206,21.10.2011,02,16,23,39,42,09,Ndyebokazi/Khensani,P5/PB4
0207,25.10.2011,11,12,20,35,38,01,Ndyebokazi/Khensani,P5/PB4
0208,28.10.2011,03,15,36,37,41,06,Mapula/Suikerbossie,P1/PB2
0209,01.11.2011,13,23,34,39,43,07,Mapula/Suikerbossie,P2/PB1
0210,04.11.2011,09,25,31,34,42,10,Ndyebokazi/Khensani,P5/PB5
0211,08.11.2011,08,10,11,15,45,20,Mapula/Suikerbossie,P3/PB3
0212,11.11.2011,01,06,07,10,35,14,Mapula/Suikerbossie,P4/PB1
0213,15.11.2011,08,18,30,38,44,05,Mapula/Suikerbossie,P5/PB5
0214,18.11.2011,09,24,36,37,45,14,Ndyebokazi/Khensani,P1/PB1
0215,22.11.2011,05,24,29,34,44,18,Mapula/Suikerbossie,P1/PB2
0216,25.11.2011,23,26,29,41,44,14,Ndyebokazi/Khensani,P3/PB4
0217,29.11.2011,12,27,28,32,34,05,Ndyebokazi/Khensani,P3/PB1
0218,02.12.2011,05,06,25,38,40,16,Mapula/Suikerbossie,P2/PB3
0219,06.12.2011,06,15,16,28,41,01,Ndyebokazi/Khensani,P4/PB2
0220,09.12.2011,01,03,18,36,37,11,Ndyebokazi/Khensani,P5/PB3
0221,13.12.2011,14,16,22,32,35,13,Mapula/Suikerbossie,P4/PB1
0222,16.12.2011,14,26,28,33,45,11,Ndyebokazi/Khensani,P2/PB2
0223,20.12.2011,20,21,25,37,40,05,Mapula/Suikerbossie,P5/PB3
0224,23.12.2011,07,13,21,22,40,20,Mapula/Suikerbossie,P4/PB1
0225,27.12.2011,10,12,17,24,26,03,Ndyebokazi/Khensani,P1/PB5
0226,30.12.2011,11,15,20,33,37,16,Ndyebokazi/Khensani,P3/PB4
0227,03.01.2012,03,05,08,17,41,06,Mapula/Suikerbossie,P5/PB2
0228,06.01.2012,01,21,29,32,34,20,Ndyebokazi/Khensani,P2/PB3
0229,10.01.2012,18,20,24,26,40,13,Ndyebokazi/Khensani,P1/PB4
0230,13.01.2012,15,20,23,25,40,10,Ndyebokazi/Khensani,P4/PB1
0231,17.01.2012,13,19,26,43,45,09,Ndyebokazi/Khensani,P5/PB4
0232,20.01.2012,10,15,22,29,35,18,Mapula/Suikerbossie,P2/PB3
0233,24.01.2012,04,07,11,26,36,05,Mapula/Suikerbossie,P3/PB4
0234,27.01.2012,02,07,28,36,39,05,Mapula/Suikerbossie,P4/PB5
0235,31.01.2012,12,15,25,32,41,15,Mapula/Suikerbossie,P1/PB3
0236,03.02.2012,07,09,14,15,43,15,Mapula/Suikerbossie,P4/PB5
0237,07.02.2012,02,11,14,38,45,13,Ndyebokazi/Khensani,P5/PB4
0238,10.02.2012,06,19,23,29,35,03,Ndyebokazi/Khensani,P3/PB1
0239,14.02.2012,20,30,31,32,44,17,Ndyebokazi/Khensani,P4/PB4
0240,17.02.2012,08,26,31,38,45,07,Ndyebokazi/Khensani,P5/PB2
0241,21.02.2012,25,27,28,32,43,18,Mapula/Suikerbossie,P2/PB5
0242,24.02.2012,17,21,26,40,45,15,Mapula/Suikerbossie,P2/PB2
0243,28.02.2012,16,24,26,32,45,01,Ndyebokazi/Khensani,P1/PB4
0244,02.03.2012,13,24,41,43,45,19,Mapula/Suikerbossie,P5/PB3
0245,06.03.2012,01,35,36,37,45,07,Ndyebokazi/Khensani,P4/PB3
0246,09.03.2012,02,21,22,29,40,11,Ndyebokazi/Khensani,P8/PB7
0247,13.03.2012,03,06,26,32,37,04,Ndyebokazi/Khensani,P6/PB8
0248,16.03.2012,14,18,37,41,44,03,Mapula/Suikerbossie,P7/PB6
0249,20.03.2012,09,14,21,28,44,12,Ndyebokazi/Khensani,P9/PB5
0250,23.03.2012,06,15,23,39,45,19,Mapula/Suikerbossie,P7/PB6
0251,27.03.2012,08,11,23,44,45,02,Ndyebokazi/Khensani,P3/PB1
0252,30.03.2012,03,05,10,18,39,18,Mapula/Suikerbossie,P6/PB7
0253,03.04.2012,04,11,12,17,42,15,Mapula/Suikerbossie,P7/PB7
0254,10.04.2012,13,28,30,41,43,11,Ndyebokazi/Khensani,P2/PB8
0255,13.04.2012,02,09,23,43,44,17,Mapula/Suikerbossie,P8/PB2
0256,17.04.2012,14,15,29,30,34,07,Ndyebokazi/Khensani,P6/PB1
0257,20.04.2012,13,20,24,25,29,11,Ndyebokazi/Khensani,P1/PB4
0258,24.04.2012,03,05,22,31,45,05,Mapula/Suikerbossie,P3/PB8
0259,27.04.2012,04,06,12,23,38,18,Mapula/Suikerbossie,P10/PB3,
0260,01.05.2012,12,17,24,30,36,14,Ndyebokazi/Khensani,P10/PB5,
0261,04.05.2012,01,06,16,34,40,18,Mapula/Suikerbossie,P10/PB2,
0262,08.05.2012,04,09,10,16,20,04,Mapula/Suikerbossie,P8/PB6
0263,11.05.2012,06,07,17,20,23,17,Mapula/Suikerbossie,P9/PB3
0264,15.05.2012,04,07,08,19,25,12,Ndyebokazi/Khensani,P6/PB7
0265,18.05.2012,02,14,20,32,36,01,Mapula/Suikerbossie,P5/PB1
0266,22.05.2012,01,03,22,31,38,11,Mapula/Suikerbossie,P3/PB2
0267,25.05.2012,01,09,19,26,32,17,Ndyebokazi/Khensani,P2/PB4
0268,29.05.2012,02,06,08,30,44,10,Ndyebokazi/Khensani,P9/PB6
0269,01.06.2012,09,12,15,28,32,14,Ndyebokazi/Khensani,P1/PB8
0270,05.06.2012,09,10,26,32,33,07,Mapula/Suikerbossie,P8/PB9
0271,08.06.2012,14,15,32,36,40,07,Mapula/Suikerbossie,P9/PB5
0272,12.06.2012,02,16,22,36,43,19,Mapula/Suikerbossie,P7/PB9
0273,15.06.2012,02,21,22,24,41,17,Mapula/Suikerbossie,P10/PB10
0274,19.06.2012,12,21,27,36,45,17,Ndyebokazi/Khensani,P2/PB7
0275,22.06.2012,03,07,17,21,27,02,Mapula/Suikerbossie,P2/PB2
0276,26.06.2012,02,17,22,39,44,20,Mapula/Suikerbossie,P1/PB4
0277,29.06.2012,02,04,06,19,31,20,Ndyebokazi/Khensani,P3/PB5
0278,03.07.2012,16,19,37,38,39,13,Ndyebokazi/Khensani,P4/PB6
0279,06.07.2012,03,10,12,34,36,17,Ndyebokazi/Khensani,P10/PB8,
0280,10.07.2012,08,09,15,23,36,11,Ndyebokazi/Khensani,P5/PB3
0281,13.07.2012,04,11,16,27,38,17,Mapula/Suikerbossie,P8/PB1
0282,17.07.2012,01,04,20,23,34,16,Ndyebokazi/Khensani,P1/PB2
0283,20.07.2012,05,20,24,33,41,03,Ndyebokazi/Khensani,P3/PB3
0284,24.07.2012,02,05,07,15,21,06,Ndyebokazi/Khensani,P10/PB4,
0285,27.07.2012,06,08,15,18,38,15,Mapula/Suikerbossie,P5/PB6
0286,31.07.2012,07,14,23,27,32,20,Mapula/Suikerbossie,P4/PB5
0287,03.08.2012,02,10,22,35,41,16,Mapula/Suikerbossie,P8/PB1
0288,07.08.2012,13,20,21,26,44,08,Ndyebokazi/Khensani,P3/PB10,
0289,10.08.2012,02,09,26,27,45,01,Ndyebokazi/Khensani,P1/PB8
0290,14.08.2012,05,21,26,28,33,19,Mapula/Suikerbossie,P2/PB1
0291,17.08.2012,13,15,19,40,42,12,Mapula/Suikerbossie,P3/PB3
0292,21.08.2012,14,16,19,38,43,03,Ndyebokazi/Khensani,P5/PB5
0293,24.08.2012,03,09,14,24,26,03,Ndyebokazi/Khensani,P4/PB7
0294,28.08.2012,01,07,08,11,40,01,Ndyebokazi/Khensani,P2/PB4
0295,31.08.2012,05,07,09,20,29,20,Ndyebokazi/Khensani,P4/PB1
0296,04.09.2012,06,15,19,30,45,14,Ndyebokazi/Khensani,P8/PB6
0297,07.09.2012,09,14,17,34,41,17,Ndyebokazi/Khensani,P10/PB8,
0298,11.09.2012,13,32,34,36,45,10,Ndyebokazi/Khensani,P1/PB10,
0299,14.09.2012,15,18,26,33,41,07,Ndyebokazi/Khensani,P8/PB2
0300,18.09.2012,01,27,37,40,42,16,Mapula/Suikerbossie,P6/PB7
0301,21.09.2012,13,16,24,39,43,04,Mapula/Suikerbossie,P5/PB3
0302,25.09.2012,02,28,32,34,45,17,Mapula/Suikerbossie,P2/PB2
0303,28.09.2012,01,06,07,40,41,17,Ndyebokazi/Khensani,P10/PB5,
0304,02.10.2012,11,18,23,31,45,13,Mapula/Suikerbossie,P9/PB6
0305,05.10.2012,01,09,11,39,40,18,Ndyebokazi/Khensani,P4/PB10,
0306,09.10.2012,03,05,06,22,26,17,Ndyebokazi/Khensani,P5/PB9
0307,12.10.2012,05,10,17,35,41,16,Mapula/Suikerbossie,P3/PB3
0308,16.10.2012,07,09,11,29,41,08,Ndyebokazi/Khensani,P1/PB4
0309,19.10.2012,14,17,23,35,39,03,Mapula/Suikerbossie,P7/PB4
0310,23.10.2012,08,23,24,31,42,06,Mapula/Suikerbossie,P3/PB1
0311,26.10.2012,01,08,12,19,34,18,Mapula/Suikerbossie,P2/PB2
0312,30.10.2012,05,16,20,41,42,20,Mapula/Suikerbossie,P5/PB6
0313,02.11.2012,04,11,25,26,41,12,Mapula/Suikerbossie,P8/PB5
0314,06.11.2012,09,17,18,37,41,09,Ndyebokazi/Khensani,P9/PB8
0315,09.11.2012,07,14,17,27,40,16,Mapula/Suikerbossie,P6/PB9
0316,13.11.2012,05,07,13,18,19,08,Mapula/Suikerbossie,P4/PB7
0317,16.11.2012,01,04,06,14,15,12,Mapula/Suikerbossie,P1/PB10,
0318,20.11.2012,03,17,26,28,33,01,Ndyebokazi/Khensani,P7/PB2
0319,23.11.2012,05,33,34,37,42,05,Ndyebokazi/Khensani,P10/PB3,
0320,27.11.2012,09,17,30,34,44,18,Ndyebokazi/Khensani,P4/PB1
0321,30.11.2012,06,25,33,42,44,14,Mapula/Suikerbossie,P5/PB5
0322,04.12.2012,05,11,20,34,45,20,Ndyebokazi/Khensani,P2/PB6
0323,07.12.2012,04,17,33,42,45,10,Mapula/Suikerbossie,P8/PB5
0324,11.12.2012,11,16,25,28,33,01,Mapula/Suikerbossie,P6/PB9
0325,14.12.2012,05,13,20,29,35,14,Mapula/Khensani,P7/PB5
0326,18.12.2012,13,34,36,37,39,16,Mapula/Khensani,P3/PB1
0327,21.12.2012,13,14,19,23,37,03,Mapula/Suikerbossie,P10/PB7,
0328,28.12.2012,01,12,14,32,36,16,Khensani/Ndyebokazi,P1/PB8
0329,01.01.2013,01,04,13,21,30,18,Mapula/Suikerbossie,P1/PB8
0330,04.01.2013,10,18,21,38,44,04,Mapula/Suikerbossie,P9/PB10,
0331,08.01.2013,08,11,12,23,24,16,Khensani/Ndyebokazi,P4/PB8
0332,11.01.2013,01,04,14,20,33,04,Khensani/Ndyebokazi,P10/PB9,
0333,15.01.2013,12,17,22,36,37,02,Khensani/Ndyebokazi,P9/PB6
0334,18.01.2013,13,19,29,35,39,11,Mapula/Suikerbossie,P7/PB7
0335,22.01.2013,03,10,11,28,31,16,Suikerbossie/Mapula,P5/PB4
0336,25.01.2013,07,15,20,23,25,12,Khensani/Ndyebokazi,P4/PB6
0337,29.01.2013,09,21,29,37,38,14,Khensani/Ndyebokazi,P3/PB10,
0338,01.02.2013,23,27,32,43,44,20,Khensani/Ndyebokazi,P8/PB3
0339,05.02.2013,05,18,22,28,29,20,Suikerbossie/Mapula,P5/PB9
0340,08.02.2013,22,25,36,38,44,03,Suikerbossie/Mapula,P9/PB7
0341,12.02.2013,02,20,38,39,45,05,Suikerbossie/Mapula,P8/PB3
0342,15.02.2013,03,13,26,28,34,03,Suikerbossie/Mapula,P1/PB4
0343,19.02.2013,01,05,06,31,42,20,Khensani/Ndyebokazi,P6/PB2
0344,22.02.2013,04,16,28,32,42,19,Suikerbossie/Mapula,P10/PB1,
0345,26.02.2013,01,07,14,21,32,07,Suikerbossie/Mapula,P6/PB4
0346,01.03.2013,13,30,33,35,45,03,Suikerbossie/Mapula,P6/PB2
0347,05.03.2013,09,12,22,26,38,04,Khensani/Ndyebokazi,P3/PB10,
0348,08.03.2013,08,19,24,34,37,15,Suikerbossie/Mapula,P1/PB5
0349,12.03.2013,01,06,26,35,42,06,Suikerbossie/Mapula,P7/PB3
0350,15.03.2013,22,23,29,35,38,07,Suikerbossie/Mapula,P4/PB4
0351,19.03.2013,05,07,11,25,35,18,Suikerbossie/Mapula,P5/PB7
0352,22.03.2013,01,05,07,09,14,15,Khensani/Ndyebokazi,P4/PB5
0353,26.03.2013,01,18,31,37,40,13,Suikerbossie/Mapula,P1/PB3
0354,02.04.2013,04,06,08,11,13,13,Khensani/Ndyebokazi,P5/PB7
0355,05.04.2013,04,09,17,22,23,06,Suikerbossie/Mapula,P7/PB4
0356,09.04.2013,08,09,20,38,39,19,Suikerbossie/Mapula,P1/PB1
0357,12.04.2013,05,12,36,37,40,07,Khensani/Ndyebokazi,P3/PB8
0358,16.04.2013,08,12,29,32,44,19,Khensani/Ndyebokazi,P8/PB6
0359,19.04.2013,10,13,26,28,39,02,Khensani/Ndyebokazi,P4/PB4
0360,23.04.2013,08,12,15,21,26,17,Khensani/Ndyebokazi,P9/PB6
0361,26.04.2013,13,16,30,43,44,09,Khensani/Ndyebokazi,P10/PB9,
0362,30.04.2013,12,24,28,31,32,02,Khensani/Ndyebokazi,P8/PB10,
0363,03.05.2013,10,19,21,27,40,03,Khensani/Ndyebokazi,P10/PB9,
0364,07.05.2013,04,05,21,37,38,06,Suikerbossie/Mapula,P5/PB5
0365,10.05.2013,02,04,16,18,26,05,Suikerbossie/Mapula,P1/PB8
0366,14.05.2013,01,13,19,29,37,01,Suikerbossie/Mapula,P1/PB3
0367,17.05.2013,13,19,20,22,43,02,Suikerbossie/Mapula,P4/PB1
0368,21.05.2013,10,11,17,37,44,18,Suikerbossie/Mapula,P3/PB6
0369,24.05.2013,03,10,15,30,38,03,Suikerbossie/Mapula,P5/PB7
0370,28.05.2013,25,26,29,31,34,14,Suikerbossie/Mapula,P7/PB9
0371,31.05.2013,03,07,19,34,44,02,Suikerbossie/Mapula,P10/PB1,
0372,04.06.2013,17,25,28,34,40,12,Suikerbossie/Mapula,P8/PB9
0373,07.06.2013,14,15,19,35,38,04,Suikerbossie/Mapula,P3/PB3
0374,11.06.2013,06,17,22,34,36,20,Khensani/Ndyebokazi,P7/PB4
0375,14.06.2013,15,23,31,32,35,09,Suikerbossie/Mapula,P5/PB5
0376,18.06.2013,01,05,13,14,16,03,Khensani/Ndyebokazi,P10/PB10
0377,21.06.2013,07,26,35,36,42,18,Suikerbossie/Mapula,P4/PB1
0378,25.06.2013,02,06,18,30,34,12,Khensani/Ndyebokazi,P9/PB6
0379,28.06.2013,03,09,27,32,41,01,Khensani/Ndyebokazi,P10/PB7,
0380,02.07.2013,07,12,13,18,20,01,Suikerbossie/Mapula,P8/PB6
0381,05.07.2013,06,25,26,42,44,12,Khensani/Ndyebokazi,P9/PB8
0382,09.07.2013,01,06,26,30,37,10,Suikerbossie/Mapula,P3/PB1
0383,12.07.2013,07,15,30,33,43,12,Khensani/Ndyebokazi,P9/PB3
0384,16.07.2013,05,07,08,31,37,18,Khensani/Ndyebokazi,P4/PB1
0385,19.07.2013,06,12,28,33,42,16,Suikerbossie/Mapula,P1/PB3
0386,23.07.2013,06,08,12,19,36,06,Suikerbossie/Mapula,P5/PB4
0387,26.07.2013,01,05,08,21,30,16,Suikerbossie/Mapula,P8/PB5
0388,30.07.2013,03,04,05,20,44,09,Khensani/Ndyebokazi,P7/PB6
0389,02.08.2013,01,02,13,29,34,18,Khensani/Ndyebokazi,P8/PB2
0390,06.08.2013,10,12,25,37,41,03,Suikerbossie/Mapula,P5/PB6
0391,09.08.2013,10,22,23,31,45,16,Suikerbossie/Mapula,P10/PB8,
0392,13.08.2013,12,15,32,42,44,16,Suikerbossie/Mapula,P9/PB9
0393,16.08.2013,13,15,18,21,45,09,Suikerbossie/Mapula,P4/PB10,
0394,20.08.2013,10,18,35,41,43,16,Suikerbossie/Mapula,P1/PB8
0395,23.08.2013,03,10,22,25,27,03,Khensani/Ndyebokazi,P6/PB10,
0396,27.08.2013,04,23,24,35,43,20,Suikerbossie/Mapula,P4/PB2
0397,30.08.2013,09,13,17,38,41,01,Khensani/Ndyebokazi,P10/PB3,
0398,03.09.2013,17,28,32,33,36,14,Khensani/Ndyebokazi,P9/PB5
0399,06.09.2013,15,16,24,29,40,10,Khensani/Ndyebokazi,P1/PB10,
0400,10.09.2013,06,13,16,22,32,01,Suikerbossie/Mapula,P7/PB7
0401,13.09.2013,08,19,27,30,40,18,Suikerbossie/Mapula,P4/PB3
0402,17.09.2013,11,18,22,27,29,11,Suikerbossie/Mapula,P7/PB4
0403,20.09.2013,15,22,29,30,38,13,Suikerbossie/Mapula,P9/PB4
0404,24.09.2013,06,23,25,26,43,02,Khensani/Ndyebokazi,P10/PB2,
0405,27.09.2013,06,13,21,28,31,03,Khensani/Ndyebokazi,P6/PB4
0406,01.10.2013,01,19,24,35,37,07,Khensani/Ndyebokazi,P5/PB8
0407,04.10.2013,03,07,11,24,28,12,Suikerbossie/Mapula,P8/PB5
0408,08.10.2013,31,39,42,43,45,10,Suikerbossie/Mapula,P7/PB6
0409,11.10.2013,16,18,20,29,36,14,Khensani/Ndyebokazi,P5/PB9
0410,15.10.2013,27,32,35,41,45,05,Suikerbossie/Mapula,P9/PB7
0411,18.10.2013,01,17,19,20,34,01,Suikerbossie/Mapula,P6/PB2
0412,22.10.2013,09,15,19,24,30,20,Suikerbossie/Mapula,P1/PB7
0413,25.10.2013,08,24,27,28,35,12,Suikerbossie/Mapula,P9/PB3
0414,29.10.2013,06,16,35,36,43,18,Suikerbossie/Mapula,P8/PB8
0415,01.11.2013,06,15,16,37,44,06,Suikerbossie/Mapula,P10/PB7,
0416,05.11.2013,12,26,32,42,43,10,Khensani/Ndyebokazi,P8/PB10,
0417,08.11.2013,11,20,22,30,43,06,Suikerbossie/Mapula,P6/PB9
0418,12.11.2013,02,15,22,33,35,16,Khensani/Ndyebokazi,P4/PB5
0419,15.11.2013,03,31,35,37,45,04,Khensani/Ndyebokazi,P6/PB3
0420,19.11.2013,13,19,20,24,26,04,Khensani/Ndyebokazi,P1/PB4
0421,22.11.2013,11,15,16,20,31,09,Khensani/Ndyebokazi,P7/PB9
0422,26.11.2013,05,16,19,33,34,02,Suikerbossie/Mapula,P3/PB2
0423,29.11.2013,11,12,17,18,27,13,Suikerbossie/Mapula,P1/PB5
0424,03.12.2013,12,17,26,27,30,01,Khensani/Ndyebokazi,P5/PB6
0425,06.12.2013,13,15,21,28,31,19,Khensani/Ndyebokazi,P6/PB4
0426,10.12.2013,01,16,21,31,37,18,Khensani/Mapula,P4/PB7
0427,13.12.2013,01,11,18,30,41,15,Khensani/Ndyebokazi,P9/PB3
0428,17.12.2013,02,07,11,26,33,06,Suikerbossie/Mapula,P8/PB8
0429,20.12.2013,10,12,16,28,37,10,Suikerbossie/Mapula,P1/PB10,
0430,24.12.2013,01,16,23,41,44,09,Khensani/Ndyebokazi,P10/PB6,
0431,27.12.2013,04,16,19,34,39,16,Suikerbossie/Mapula,P7/PB8
0432,31.12.2013,06,14,20,31,34,12,Suikerbossie/Mapula,P3/PB9
0433,03.01.2014,10,11,19,23,28,03,Suikerbossie/Mapula,P4/PB7
0434,07.01.2014,28,37,39,43,44,18,Suikerbossie/Mapula,P6/PB5
0435,10.01.2014,04,07,24,36,39,07,Khensani/Ndyebokazi,P5/PB5
0436,14.01.2014,31,31,37,42,43,08,Suikerbossie/Mapula,P8/PB4
0437,17.01.2014,10,16,23,26,33,01,Suikerbossie/Mapula,P10/PB10
0438,21.01.2014,01,06,09,15,39,09,Suikerbossie/Mapula,P7/PB3
0439,24.01.2014,10,15,20,33,38,07,Suikerbossie/Mapula,P1/PB9
0440,28.01.2014,01,08,22,40,43,13,Suikerbossie/Mapula,P4/PB6
0441,31.01.2014,10,20,25,26,42,14,Khensani/Ndyebokazi,P9/PB3
0442,04.02.2014,04,20,21,29,40,10,Khensani/Ndyebokazi,P3/PB4
0443,07.02.2014,07,13,20,21,36,09,Suikerbossie/Mapula,P7/PB3
0444,11.02.2014,03,07,10,13,40,05,Khensani/Ndyebokazi,P1/PB7
0445,14.02.2014,06,09,18,21,24,08,Khensani/Ndyebokazi,P6/PB9
0446,18.02.2014,02,26,36,42,43,03,Suikerbossie/Mapula,P8/PB5
0447,21.02.2014,02,08,19,38,44,11,Khensani/Ndyebokazi,P10/PB10
0448,25.02.2014,04,07,12,27,44,17,Suikerbossie/Mapula,P7/PB4
0449,28.02.2014,11,14,32,42,45,18,Suikerbossie/Mapula,P9/PB6
0450,04.03.2014,02,07,26,28,30,04,Suikerbossie/Mapula,P6/PB9
0451,07.03.2014,16,18,22,37,38,03,Suikerbossie/Mapula,P5/PB7
0452,11.03.2014,09,19,21,25,37,16,Suikerbossie/Mapula,P10/PB9,
0453,14.03.2014,03,15,29,34,44,07,Suikerbossie/Mapula,P8/PB8
0454,18.03.2014,01,13,17,32,35,13,Khensani/Ndyebokazi,P3/PB10,
0455,21.03.2014,07,08,14,18,38,14,Khensani/Ndyebokazi,P9/PB7
0456,25.03.2014,02,17,19,29,34,03,Suikerbossie/Mapula,P4/PB8
0457,28.03.2014,02,03,07,35,41,16,Khensani/Ndyebokazi,P5/PB5
0458,01.04.2014,14,17,24,27,34,04,Khensani/Ndyebokazi,P4/PB7
0459,04.04.2014,03,16,22,24,44,15,Suikerbossie/Mapula,P6/PB6
0460,08.04.2014,01,02,10,33,45,18,Suikerbossie/Mapula,P6/PB10,
0461,11.04.2014,17,23,33,41,42,18,Khensani/Ndyebokazi,P1/PB2
0462,15.04.2014,02,06,10,11,37,14,Suikerbossie/Mapula,P3/PB7
0463,22.04.2014,03,22,28,30,42,11,Khensani/Ndyebokazi,P1/PB3
0464,25.04.2014,13,15,28,29,30,07,Suikerbossie/Mapula,P8/PB9
0465,29.04.2014,12,20,31,40,44,14,Suikerbossie/Mapula,P7/PB4
0466,02.05.2014,11,14,24,36,41,11,Suikerbossie/Mapula,P9/PB5
0467,06.05.2014,04,15,26,37,40,20,Suikerbossie/Mapula,P6/PB6
0468,09.05.2014,01,05,22,26,34,16,Suikerbossie/Mapula,P5/PB7
0469,13.05.2014,01,04,20,24,38,20,Suikerbossie/Mapula,P4/PB5
0470,16.05.2014,08,22,25,34,37,05,Khensani/Ndyebokazi,P3/PB8
0471,20.05.2014,03,08,21,35,45,07,Khensani/Mapula,P7/PB3
0472,23.05.2014,12,22,40,42,43,12,Suikerbossie/Mapula,P10/PB2,
0473,27.05.2014,04,11,24,26,31,10,Khensani/Ndyebokazi,P6/PB5
0474,30.05.2014,01,03,35,40,43,17,Khensani/Ndyebokazi,P8/PB6
0475,03.06.2014,23,28,30,41,43,12,Suikerbossie/Mapula,P5/PB5
0476,06.06.2014,04,10,16,29,42,11,Suikerbossie/Mapula,P10/PB8,
0477,10.06.2014,11,15,24,28,35,13,Khensani/Ndyebokazi,P4/PB4
0478,13.06.2014,12,18,21,27,34,10,Suikerbossie/Mapula,P6/PB3
0479,17.06.2014,02,03,07,19,25,11,Suikerbossie/Mapula,P3/PB4
0480,20.06.2014,25,27,36,37,39,04,Khensani/Ndyebokazi,P1/PB10,
0481,24.06.2014,04,05,06,12,30,16,Suikerbossie/Mapula,P6/PB2
0482,27.06.2014,11,12,14,30,32,02,Suikerbossie/Mapula,P9/PB4
0483,01.07.2014,01,10,19,21,31,11,Khensani/Ndyebokazi,P4/PB6
0484,04.07.2014,04,19,25,31,36,03,Khensani/Ndyebokazi,P5/PB2
0485,08.07.2014,12,19,27,37,43,09,Khensani/Ndyebokazi,P8/PB7
0486,11.07.2014,06,13,27,33,35,15,Khensani/Ndyebokazi,P7/PB10,
0487,15.07.2014,22,24,29,36,43,13,Suikerbossie/Mapula,P5/PB8
0488,18.07.2014,14,17,19,22,35,17,Suikerbossie/Mapula,P1/PB6
0489,22.07.2014,09,21,27,39,43,03,Suikerbossie/Mapula,P10/PB3,
0490,25.07.2014,09,13,28,40,45,12,Suikerbossie/Mapula,P9/PB7
0491,29.07.2014,01,09,23,29,42,13,Suikerbossie/Mapula,P7/PB9
0492,01.08.2014,07,14,15,35,39,04,Suikerbossie/Mapula,P3/PB10,
0493,05.08.2014,14,32,35,37,40,03,Suikerbossie/Mapula,P8/PB9
0494,08.08.2014,10,23,35,37,39,12,Khensani/Ndyebokazi,P1/PB8
0495,12.08.2014,10,17,26,29,31,04,Suikerbossie/Mapula,P4/PB4
0496,15.08.2014,19,31,40,41,43,13,Suikerbossie/Mapula,P9/PB2
0497,19.08.2014,06,18,22,26,35,05,Khensani/Ndyebokazi,P3/PB9
0498,22.08.2014,05,08,21,34,35,07,Khensani/Ndyebokazi,P4/PB3
0499,26.08.2014,04,12,28,29,36,03,Khensani/Ndyebokazi,P8/PB5
0500,29.08.2014,15,23,30,41,43,13,Khensani/Ndyebokazi,P10/PB6,
0501,02.09.2014,11,21,36,39,44,02,Suikerbossie/Mapula,P4/PB7
0502,05.09.2014,01,08,24,33,43,11,Khensani/Mapula,P1/PB2
0503,09.09.2014,02,04,18,19,29,06,Suikerbossie/Mapula,P7/PB6
0504,12.09.2014,03,21,26,27,36,18,Suikerbossie/Mapula,P8/PB4
0505,16.09.2014,07,12,28,43,44,08,Suikerbossie/Mapula,P7/PB5
0506,19.09.2014,09,13,25,28,34,03,Suikerbossie/Mapula,P6/PB10,
0507,23.09.2014,07,10,21,22,34,03,Khensani/Ndyebokazi,P7/PB7
0508,26.09.2014,01,03,06,34,37,01,Khensani/Ndyebokazi,P7/PB9
0509,30.09.2014,18,27,37,39,41,06,Khensani/Ndyebokazi,P6/PB2
0510,03.10.2014,20,34,38,42,43,13,Suikerbossie/Mapula,P9/PB9
0511,07.10.2014,06,11,20,36,45,12,Khensani/Ndyebokazi,P6/PB8
0512,10.10.2014,04,09,14,17,26,02,Suikerbossie/Mapula,P5/PB4
0513,14.10.2014,07,21,38,39,43,05,Khensani/Ndyebokazi,P9/PB8
0514,17.10.2014,06,17,22,27,35,07,Suikerbossie/Mapula,P1/PB6
0515,21.10.2014,26,28,30,31,32,18,Suikerbossie/Mapula,P10/PB5,
0516,24.10.2014,07,21,31,37,44,10,Suikerbossie/Mapula,P4/PB9
0517,28.10.2014,09,10,17,23,33,18,Khensani/Ndyebokazi,P1/PB10,
0518,31.10.2014,04,16,21,35,36,06,Suikerbossie/Mapula,P8/PB4
0519,04.11.2014,12,17,19,24,36,11,Suikerbossie/Mapula,P5/PB9
0520,07.11.2014,08,14,33,41,44,09,Suikerbossie/Mapula,P4/PB2
0521,11.11.2014,03,04,18,22,40,07,Khensani/Ndyebokazi,P10/PB10
0522,14.11.2014,03,14,27,29,45,19,Khensani/Ndyebokazi,P9/PB5
0523,18.11.2014,15,18,22,24,41,01,Suikerbossie/Mapula,P1/PB8
0524,21.11.2014,07,10,12,32,40,14,Suikerbossie/Mapula,P8/PB8
0525,25.11.2014,08,19,24,37,40,07,Suikerbossie/Mapula,P5/PB7
0526,28.11.2014,21,28,33,40,43,10,Suikerbossie/Mapula,P5/PB7
0527,02.12.2014,19,25,26,40,43,12,Suikerbossie/Mapula,P4/PB10,
0528,05.12.2014,14,20,26,28,39,12,Khensani/Ndyebokazi,P6/PB2
0529,09.12.2014,13,22,35,36,43,15,Khensani/Ndyebokazi,P4/PB2
0530,12.12.2014,26,33,34,36,38,02,Suikerbossie/Mapula,P9/PB10,
0531,16.12.2014,09,10,11,15,34,02,Khensani/Ndyebokazi,P10/PB2,
0532,19.12.2014,07,09,10,29,45,07,Khensani/Ndyebokazi,P6/PB8
0533,23.12.2014,02,25,31,32,36,03,Khensani/Ndyebokazi,P3/PB7
0534,26.12.2014,10,12,13,30,45,11,Khensani/Ndyebokazi,P5/PB5
0535,30.12.2014,08,15,25,31,40,13,Suikerbossie/Mapula,P4/PB6
0536,02.01.2015,01,14,21,41,43,16,Khensani/Ndyebokazi,P8/PB9
0537,06.01.2015,02,09,14,18,20,20,Suikerbossie/Mapula,P5/PB7
0538,09.01.2015,02,13,15,17,31,05,Khensani/Ndyebokazi,P7/PB8
0539,13.01.2015,03,09,15,18,35,17,Suikerbossie/Mapula,P4/PB9
0540,16.01.2015,05,07,14,29,42,04,Suikerbossie/Mapula,P1/PB5
0541,20.01.2015,03,04,23,31,35,05,Suikerbossie/Mapula,P4/PB2
0542,23.01.2015,01,08,11,29,34,13,Suikerbossie/Mapula,P1/PB8
0543,27.01.2015,12,26,28,31,35,13,Khensani/Ndyebokazi,P5/PB5
0544,30.01.2015,04,23,25,43,45,17,Suikerbossie/Mapula,P7/PB4
0545,03.02.2015,11,12,25,41,42,20,Khensani/Ndyebokazi,P8/PB7
0546,06.02.2015,17,23,36,38,42,02,Khensani/Ndyebokazi,P7/PB10,
0547,10.02.2015,10,20,27,31,33,06,Suikerbossie/Mapula,P8/PB5
0548,13.02.2015,06,11,20,27,37,20,Suikerbossie/Mapula,P6/PB2
0549,17.02.2015,01,05,09,18,40,17,Khensani/Ndyebokazi,P1/PB10,
0550,20.02.2015,02,11,12,19,40,12,Khensani/Ndyebokazi,P6/PB7
0551,24.02.2015,13,14,18,25,39,20,Suikerbossie/Mapula,P7/PB9
0552,27.02.2015,04,09,27,31,41,11,Suikerbossie/Mapula,P3/PB9
0553,03.03.2015,01,27,30,33,38,09,Suikerbossie/Mapula,P5/PB4
0554,06.03.2015,10,21,23,25,45,09,Suikerbossie/Mapula,P1/PB8
0555,10.03.2015,24,26,27,31,33,18,Suikerbossie/Mapula,P6/PB9
0556,13.03.2015,18,19,20,22,43,06,Khensani/Ndyebokazi,P4/PB10,
0557,00.00.0000,18,19,20,22,43,06,Khensani/Ndyebokazi,P4/PB10,
0558,17.03.2015,12,15,26,34,41,16,Suikerbossie/Mapula,P9/PB6
0559,24.03.2015,05,17,21,25,36,16,Khensani/Ndyebokazi,P6/PB7
0560,27.03.2015,08,23,33,35,40,17,Suikerbossie/Mapula,P1/PB4
0561,31.03.2015,05,06,20,26,27,15,Suikerbossie/Mapula,P3/PB7
0562,07.04.2015,05,16,22,24,40,07,Khensani/Ndyebokazi,P8/PB10,
0563,10.04.2015,12,13,17,22,28,18,Suikerbossie/Mapula,P10/PB2,
0564,14.04.2015,20,22,23,29,33,19,Khensani/Ndyebokazi,P10/PB7,
0565,17.04.2015,05,06,26,31,41,16,Khensani/Ndyebokazi,P4/PB8
0566,21.04.2015,07,09,22,28,35,15,Suikerbossie/Mapula,P7/PB7
0567,24.04.2015,04,13,20,31,38,01,Khensani/Ndyebokazi,P3/PB2
0568,28.04.2015,11,27,37,39,44,03,Khensani/Ndyebokazi,P4/PB8
0569,01.05.2015,04,08,20,35,45,16,Khensani/Ndyebokazi,P10/PB5,
0570,05.05.2015,04,08,18,22,38,15,Suikerbossie/Mapula,P5/PB8
0571,08.05.2015,02,22,37,38,43,15,Khensani/Ndyebokazi,P3/PB2
0572,12.05.2015,18,21,24,28,41,15,Suikerbossie/Mapula,P1/PB8
0573,15.05.2015,08,26,40,44,45,07,Suikerbossie/Mapula,P5/PB4
0574,19.05.2015,03,21,25,26,36,01,Suikerbossie/Mapula,P4/PB5
0575,22.05.2015,09,31,32,40,41,10,Suikerbossie/Mapula,P10/PB2,
0576,26.05.2015,12,13,20,31,36,19,Suikerbossie/Mapula,P3/PB4
0577,29.05.2015,04,12,17,25,29,05,Suikerbossie/Mapula,P4/PB5
0578,02.06.2015,06,08,11,19,22,17,IMAGINE/Unknown,Unk/PB3,
0579,05.06.2015,05,09,21,25,35,04,INSPIRE/Unknown,Unk/PB2,
0580,09.06.2015,02,08,16,18,30,12,IMAGINE/Unknown,Unk/PB3,
0581,12.06.2015,21,26,28,30,44,10,INSPIRE/Unknown,Unk/PB2,
0582,16.06.2015,10,13,15,22,30,01,WISH/UnknownUnk/PB3,
0583,19.06.2015,01,22,29,34,35,15,WISH/UnknownUnk/PB3,
0584,23.06.2015,04,11,19,24,42,06,Fire/UnknownUnk/PB3,
0585,26.06.2015,11,12,24,27,32,20,INSPIRE/Unknown,P2/Unknown
0586,30.06.2015,12,15,25,39,44,19,WISH/UnknownP3/Unknown
0587,03.07.2015,02,09,19,24,26,14,INSPIRE/Unknown,P2/Unk
0588,07.07.2015,11,16,20,22,38,05,IMAGINE/WISHP2/PB2
0589,10.07.2015,10,11,14,19,34,14,INSPIRE/DREAM,P3/PB3
0590,14.07.2015,08,12,15,25,36,10,IMAGINE/WISHP3/PB3
0591,17.07.2015,08,23,24,42,44,04,VISION/JOYL3/L2,
0592,21.07.2015,04,18,19,21,29,17,IMAGINE/WISHP3/PB3
0593,24.07.2015,12,34,35,38,39,03,IMAGINE/WISHP3/PB3
0594,28.07.2015,06,21,23,36,43,18,WISH/INSPIREP3/PB3
0595,31.07.2015,04,09,28,35,38,14,WISH/ImagineP2/PB2
0596,04.08.2015,04,07,08,26,36,13,IMAGINE/DREAM,P2/PB2
0597,07.08.2015,09,10,19,28,45,12,IMAGINE/WISHP2/PB2
0598,11.08.2015,11,14,20,24,44,16,WISH/INSPIREP2/PB2
0599,14.08.2015,02,17,26,32,43,11,DELIGHT/WISHP2/PB2
0600,18.08.2015,06,20,30,40,43,13,DREAM/INSPIRE,P4/PB4
0601,21.08.2015,08,14,23,26,45,01,DELIGHT/WISHP5/PB5
0602,25.08.2015,02,11,19,20,31,10,WISH/DREAMP4/PB4
0603,28.08.2015,10,16,18,20,31,17,DELIGHT/INSPIRE,P5/PB5
0604,01.09.2015,23,30,31,44,45,07,WISH/DREAMP2/PB2
0605,04.09.2015,01,25,29,43,44,13,WISH/DelightP2/PB2
0606,08.09.2015,01,12,13,14,23,20,DELIGHT/DREAM,P4/PB4
0607,11.09.2015,02,06,22,23,41,09,INSPIRE/WISHP5/PB5
0608,15.09.2015,05,19,21,42,43,17,INSPIRE/DREAM,P2/PB2
0609,18.09.2015,05,17,25,40,45,06,WISH/INSPIREP5/PB5
0610,22.09.2015,02,21,22,25,31,19,INSPIRE/Delight,P3/PB3
0611,25.09.2015,14,20,21,26,32,12,DELIGHT/DREAM,P4/PB4
0612,29.09.2015,10,11,12,24,35,19,DREAM/WISHP5/PB5
0613,02.10.2015,06,09,14,32,43,01,WISH/INSPIREP5/PB5
0614,06.10.2015,24,35,38,42,44,09,INSPIRE/DREAM,P2/PB2
0615,09.10.2015,14,17,32,41,43,05,WISH/DREAMP3/PB3
0616,13.10.2015,07,11,14,23,34,03,INSPIRE/WISHP3/PB3
0617,16.10.2015,28,34,41,42,45,08,INSPIRE/WISHP2/PB2
0618,20.10.2015,13,14,17,35,44,06,DREAM/WISHP4/PB4
0619,23.10.2015,01,05,27,33,37,10,DREAM/WISHP2/PB2
0620,27.10.2015,05,13,18,27,41,03,DREAM/WISHP5/PB5
0621,30.10.2015,03,06,18,40,44,12,DELIGHT/WISHP3/PB3
0622,03.11.2015,01,07,10,37,45,03,DELIGHT/INSPIRE,P2/PB2
0623,06.11.2015,19,24,30,40,42,10,INSPIRE/WISHP3/PB3
0624,10.11.2015,06,21,22,28,43,02,DREAM/WISHP3/PB3
0625,13.11.2015,02,11,16,31,45,20,INSPIRE/Delight,P4/PB4
0626,17.11.2015,17,29,35,38,40,13,DELIGHT/WISHP3/PB3
0627,20.11.2015,10,16,29,37,41,07,INSPIRE/WISHP4/PB4
0628,24.11.2015,30,33,34,44,45,08,WISH/INSPIREP4/PB4
0629,27.11.2015,01,19,28,42,44,18,DELIGHT/WISHP5/PB5
0630,01.12.2015,04,10,18,23,34,01,DELIGHT/INSPIRE,P6/PB10,
0631,04.12.2015,07,18,34,35,41,01,INSPIRE/Delight,P3/PB3
0632,08.12.2015,07,10,12,24,26,07,Believe/DREAM,P6/PB8
0633,11.12.2015,01,03,05,11,38,13,DREAM/BELIEVE,P6/PB16,
0634,15.12.2015,04,11,18,20,42,12,Desire/DelightP5/PB5
0635,18.12.2015,03,35,40,43,45,05,DELIGHT/DREAM,P9/PB8
0636,22.12.2015,03,08,16,38,43,09,Believe/Delight,P5/PB5
0637,29.12.2015,05,07,14,25,30,03,DREAM/Delight,P2/PB2
0638,01.01.2016,13,17,24,34,40,18,DELIGHT/DREAM,P2/PB2
0639,05.01.2016,24,29,38,39,45,18,Desire/INSPIREP2/PB2
0640,08.01.2016,15,17,38,39,43,11,WISH/DelightP7/PB10,
0641,12.01.2016,10,16,27,29,36,13,DREAM/DESIREP10/PB17
0642,15.01.2016,04,09,19,31,32,01,WISH/BELIEVEP6/PB8
0643,19.01.2016,01,04,09,35,39,05,DREAM/WISHP6/PB16,
0644,22.01.2016,01,05,15,23,43,11,DELIGHT/WISHP10/PB18
0645,26.01.2016,03,12,16,27,37,12,DELIGHT/DESIREP7/PB8
0646,29.01.2016,05,14,20,24,28,05,Believe/WISHP7/PB7
0647,02.02.2016,07,08,32,35,44,09,Believe/Delight,P10/PB7,
0648,05.02.2016,06,15,16,31,40,09,Desire/INSPIREP11/PB18
0649,09.02.2016,14,21,41,42,43,04,INSPIRE/WISHP6/PB7
0650,12.02.2016,09,32,40,42,44,19,INSPIRE/BELIEVE,P6/PB21,
0651,16.02.2016,05,09,11,14,42,07,WISH/DREAMP6/PB18,
0652,19.02.2016,12,14,15,23,41,18,WISH/DREAMP11/PB16
0653,23.02.2016,03,15,16,23,24,03,DREAM/DESIREP9/PB8
0654,26.02.2016,05,12,35,36,38,17,WISH/DelightP9/PB6
0655,01.03.2016,04,08,15,17,27,01,INSPIRE/DREAM,P11/PB8,
0656,04.03.2016,01,06,30,40,43,06,INSPIRE/WISHP2/PB2
0657,08.03.2016,02,06,15,26,39,12,DELIGHT/DREAM,P10/PB6,
0658,11.03.2016,01,02,03,13,34,11,WISH/DESIRE,P9/PB8
0659,15.03.2016,04,07,32,41,44,11,INSPIRE/WISHP11/PB21
0660,18.03.2016,14,17,26,32,33,14,DELIGHT/WISHP6/PB7
0661,22.03.2016,11,13,23,42,43,04,INSPIRE/Delight,P2/PB2
0662,25.03.2016,01,07,12,21,33,02,DREAM/BELIEVE,P10/PB14
0663,29.03.2016,04,28,37,40,45,14,DREAM/BELIEVE,P6/PB21,
0664,01.04.2016,11,15,31,37,43,11,INSPIRE/DREAM,P9/PB6
0665,05.04.2016,04,24,27,36,40,08,Desire/ImagineP6/PB14,
0666,08.04.2016,24,28,34,35,43,13,WISH/BELIEVEP2/PB2
0667,12.04.2016,02,16,18,20,24,16,IMAGINE/BELIEVE,P2/PB2
0668,15.04.2016,20,29,33,37,38,06,DREAM/BELIEVE,P10/PB14
0669,19.04.2016,10,11,12,32,33,17,IMAGINE/INSPIRE,P6/PB15,
0670,22.04.2016,01,04,12,18,29,16,Desire/WISH,P8/PB16,
0671,26.04.2016,01,03,16,19,31,13,WISH/DESIRE,P6/PB21,
0672,29.04.2016,03,11,22,35,41,09,Believe/Imagine,P8/PB7
0673,03.05.2016,01,15,23,32,41,11,Believe/DESIREP6/PB18,
0674,06.05.2016,03,13,24,41,44,05,DREAM/Imagine,P6/PB19,
0675,10.05.2016,05,20,26,27,33,18,DESIRE/DREAMP9/PB18,
0676,13.05.2016,03,05,23,29,37,20,INSPIRE/WISHP11/PB12
0677,17.05.2016,08,15,17,24,30,18,INSPIRE/DESIREP8/PB12,
0678,20.05.2016,21,29,32,36,43,03,Desire/InspireP7/PB18,
0679,24.05.2016,08,12,23,24,31,15,Imagine/DesireP10/PB12
0680,27.05.2016,07,15,24,28,29,02,Dream/Imagine,P6/PB22,
0681,31.05.2016,03,28,38,39,42,16,Desire/BelieveP11/PB20
0682,03.06.2016,07,14,20,37,43,12,Wish/BelieveP3/PB3
0683,07.06.2016,03,04,11,23,37,17,Desire/BelieveP6/PB20,
0684,10.06.2016,03,06,17,21,27,10,Believe/Dream,P6/PB19,
0685,14.06.2016,20,24,40,44,45,17,Believe/Inspire,P2/PB2
0686,17.06.2016,07,09,23,39,45,10,Inspire/DesireP7/PB16,
0687,21.06.2016,03,13,22,26,43,18,Believe/DesireP6/PB16,
0688,24.06.2016,01,07,09,21,43,09,Wish/InspireP9/PB21,
0689,28.06.2016,04,05,07,10,34,16,Believe/WishP9/PB21,
0690,01.07.2016,17,20,22,27,41,18,Desire/Wish,P9/PB6
0691,05.07.2016,09,17,19,29,42,15,Desire/InspireP3/PB3
0692,08.07.2016,01,12,26,36,37,03,Dream/WishP8/PB21,
0693,12.07.2016,04,12,23,31,41,05,Inspire/Dream,P8/PB7
0694,15.07.2016,02,14,31,34,37,12,Desire/DelightP2/PB2
0695,19.07.2016,02,31,34,38,39,05,Wish/Desire,P2/PB2
0696,22.07.2016,01,07,16,28,35,03,Wish/ImagineP10/PB9,
0697,26.07.2016,01,06,16,22,25,13,Believe/Imagine,P7/PB19,
0698,29.07.2016,04,12,31,41,42,19,Desire/DreamP8/PB7
0699,02.08.2016,08,11,14,30,42,08,Wish/Desire,P11/PB7,
0700,05.08.2016,03,21,34,37,40,20,Desire/DelightP7/PB15,
0701,09.08.2016,05,13,17,24,36,18,Imagine/Inspire,P8/PB7
0702,12.08.2016,10,15,35,38,39,13,Imagine/DesireP9/PB9
0703,16.08.2016,07,08,16,30,44,14,Imagine/DesireP11/PB11
0704,19.08.2016,06,18,32,33,36,04,Wish/DelightP9/PB15,
0705,23.08.2016,09,13,19,26,43,08,Inspire/WishP10/PB11
0706,26.08.2016,02,12,14,32,42,08,Dream/Inspire,P10/PB23
0707,30.08.2016,04,09,14,18,34,10,Wish/DreamP9/PB7
0708,02.09.2016,20,23,30,38,41,10,Dream/WishP10/PB22
0709,06.09.2016,04,18,39,43,44,12,Believe/Inspire,P10/PB8,
0710,09.09.2016,02,18,35,37,41,15,Imagine/Delight,P6/PB8
0711,13.09.2016,01,05,16,21,40,02,Delight/Believe,P8/PB6
0712,16.09.2016,01,12,33,34,37,16,Dream/Believe,P8/PB10,
0713,20.09.2016,02,18,29,32,44,20,Wish/InspireP11/PB11
0714,23.09.2016,03,11,30,32,37,03,Inspire/Believe,P6/PB16,
0715,27.09.2016,03,11,34,37,45,15,Wish/DreamP11/PB16
0716,30.09.2016,05,15,16,25,36,16,Delight/Inspire,P7/PB24,
0717,04.10.2016,04,16,18,25,30,06,Delight/DesireP11/PB24
0718,07.10.2016,02,14,24,34,45,07,Desire/BelieveP5/PB5
0719,11.10.2016,15,23,24,26,36,19,Inspire/DesireP7/PB24,
0720,14.10.2016,04,12,31,38,40,03,Desire/DreamP5/PB5
0721,18.10.2016,07,19,35,41,44,16,Inspire/DesireP2/PB2
0722,21.10.2016,08,15,20,22,29,19,Wish/DreamP2/PB2
0723,25.10.2016,08,24,27,30,43,14,Desire/InspireP5/PB5
0724,28.10.2016,09,10,18,25,36,03,Delight/WishP3/PB3
0725,01.11.2016,24,25,26,37,44,12,Believe/DesireP3/PB3
0726,04.11.2016,05,14,23,31,36,12,Believe/Dream,P7/PB8
0727,08.11.2016,05,30,40,43,44,02,Believe/Inspire,P9/PB25,
0728,11.11.2016,01,03,20,35,36,12,Believe/DesireP9/PB8
0729,15.11.2016,11,17,23,42,45,13,Delight/Dream,P9/PB8
0730,18.11.2016,02,07,12,18,21,10,Dream/DesireP11/PB25
0731,22.11.2016,17,18,19,25,36,13,Believe/WishP9/PB25,
0732,25.11.2016,05,21,22,28,33,18,Wish/BelieveP6/PB13,
0733,29.11.2016,04,09,22,31,41,12,Believe/Inspire,P11/PB24
0734,02.12.2016,01,11,24,28,42,09,Wish/Desire,P7/PB19,
0735,06.12.2016,01,24,29,33,38,20,Dream/Inspire,P8/PB15,
0736,09.12.2016,01,02,08,10,14,09,Believe/Delight,P8/PB11,
0737,13.12.2016,07,08,23,26,33,16,Believe/DesireP8/PB13,
0738,16.12.2016,08,15,26,28,35,10,Delight/DesireP7/PB16,
0739,20.12.2016,01,09,17,20,23,12,Dream/Believe,P10/PB13
0740,23.12.2016,01,04,06,11,16,02,Believe/DesireP10/PB16
0741,27.12.2016,08,16,20,21,36,04,Delight/Believe,P7/PB13,
0742,30.12.2016,14,31,33,42,44,15,Delight/WishP10/PB19
0743,03.01.2017,06,16,26,29,31,08,Believe/WishP11/PB15
0744,06.01.2017,11,14,30,40,42,09,Inspire/Believe,P6/PB15,
0745,10.01.2017,06,20,25,28,31,10,Desire/DreamP8/PB19,
0746,13.01.2017,14,20,21,26,38,18,Believe/Delight,P11/PB15
0747,17.01.2017,12,29,35,36,41,10,Inspire/DesireP8/PB24,
0748,20.01.2017,05,07,17,23,41,06,Believe/WishP6/PB24,
0749,24.01.2017,07,19,33,35,39,05,Believe/WishP8/PB19,
0750,27.01.2017,04,05,16,28,30,10,Delight/Believe,P7/PB23,
0751,31.01.2017,02,09,31,40,45,03,Insipre/Believe,P9/PB25,
0752,03.02.2017,20,22,37,39,43,17,Delight/Inspire,P7/PB23,
0753,07.02.2017,07,16,18,30,39,02,Believe/WishP6/PB23,
0754,10.02.2017,01,12,21,24,42,05,Desire/Wish,P3/PB3
0755,14.02.2017,05,12,14,39,42,17,Believe/Inspire,P2/PB2
0756,17.02.2017,09,20,23,39,42,06,Wish/Desire,P3/PB3
0757,21.02.2017,09,11,14,29,37,05,Dream/Believe,P3/PB3
0758,24.02.2017,06,09,20,30,38,11,Delight/Dream,P5/PB5
0759,28.02.2017,09,15,20,42,45,05,Delight/Believe,P2/PB2
0760,03.03.2017,01,19,24,34,41,16,Dream/Inspire,P8/PB8
0761,07.03.2017,06,10,14,35,44,05,Desire/Wish,P9/PB8
0762,10.03.2017,11,20,24,28,33,02,Believe/Dream,P7/PB8
0763,14.03.2017,11,19,31,33,36,10,Believe/DesireP9/PB21,
0764,17.03.2017,06,15,20,31,37,08,Believe/DesireP11/PB7,
0765,21.03.2017,07,09,10,33,34,14,Inspire/DesireP9/PB21,
0766,24.03.2017,01,03,05,13,15,11,Inspire/WishP9/PB8
0767,28.03.2017,02,06,07,22,27,03,Dream/Believe,P10/PB21
0768,31.03.2017,09,11,20,22,36,13,Delight/WishP8/PB18,
0769,04.04.2017,10,19,28,33,34,01,Desire/InspireP10/PB16
0770,07.04.2017,20,21,24,34,43,20,Delight/Inspire,P8/PB18,
0771,11.04.2017,14,18,24,27,38,18,Believe/DesireP10/PB16
0772,14.04.2017,13,17,20,33,42,04,Delight/WishP6/PB10,
0773,18.04.2017,02,05,21,24,25,01,Delight/Imagine,P6/PB16,
0774,21.04.2017,03,07,11,29,40,18,Inspire/DesireP6/PB10,
0775,25.04.2017,02,19,25,30,32,13,Believe/Dream,P7/PB19,
0776,28.04.2017,08,23,24,40,44,07,Dream/DesireP8/PB19,
0777,02.05.2017,02,10,12,27,32,13,Delight/DesireP11/PB13
0778,05.05.2017,08,09,21,24,26,04,Wish/BelieveP5/PB5
0779,09.05.2017,18,19,23,37,43,14,Imagine/DesireP2/PB2
0780,12.05.2017,01,03,15,30,37,05,Inspire/WishP2/PB2
0781,16.05.2017,09,20,30,36,38,13,INSPIRE/DREAM,P3/PB3
0782,19.05.2017,01,02,09,17,37,07,Imagine/Delight,P2/PB2
0783,23.05.2017,04,07,15,22,26,04,Believe/Delight,P5/PB5
0784,26.05.2017,13,26,29,31,37,07,Believe/Delight,P8/PB11,
0785,30.05.2017,12,14,25,26,39,02,Imagine/WishP6/PB13,
0786,02.06.2017,07,11,16,38,45,20,Imagine/WishP11/PB18
0787,06.06.2017,01,27,28,32,43,12,Wish/InspireP6/PB13,
0788,09.06.2017,11,12,17,19,35,01,Believe/DesireP6/PB11,
0789,13.06.2017,13,18,32,36,45,14,Wish/DreamP3/PB3
0790,16.06.2017,04,07,25,28,33,14,Wish/Desire,P11/PB11
0791,20.06.2017,14,21,28,38,40,18,Inspire/Believe,P11/PB12
0792,23.06.2017,14,20,33,44,45,19,Believe/Dream,P3/PB3
0793,27.06.2017,26,27,30,32,45,16,Believe/WishP10/PB22
0794,30.06.2017,04,05,10,23,28,03,Imagine/WishP7/PB12,
0795,04.07.2017,05,07,10,15,30,05,Dream/WishP9/PB6
0796,07.07.2017,09,16,18,32,43,02,Imagine/Believe,P10/PB6,
0797,11.07.2017,02,15,19,27,34,19,Believe/Dream,P7/PB12,
0798,14.07.2017,21,28,29,31,35,08,Dream/Believe,P5/PB5
0799,18.07.2017,23,25,30,40,43,20,Desire/DreamP5/PB5
0800,21.07.2017,07,20,29,40,43,06,Desire/ImagineP3/PB3
0801,25.07.2017,12,18,22,29,44,06,Believe/Imagine,P5/PB5
0802,28.07.2017,07,28,30,35,39,01,Believe/Inspire,P5/PB5
0803,01.08.2017,05,18,36,40,42,05,Inspire/Believe,P9/PB6
0804,04.08.2017,15,17,24,25,38,17,Desire/DreamP11/PB6,
0805,08.08.2017,03,05,12,14,22,09,Imagine/Dream,P11/PB12
0806,11.08.2017,11,28,31,32,41,18,INSPIRE/DESIREP7/PB24,
0807,15.08.2017,04,17,27,34,35,05,Desire/DreamP7/PB24,
0808,18.08.2017,13,23,30,34,40,11,Inspire/DesireP6/PB10,
0809,22.08.2017,15,19,31,36,44,09,DESIRE/IMAGINEP6/PB24,
0810,25.08.2017,02,15,23,28,32,02,Wish/Desire,P8/PB25,
0811,29.08.2017,12,13,17,19,34,11,x/x,x/x,
0812,01.09.2017,11,13,31,39,41,15,x/x,x/x,
0813,05.09.2017,02,13,14,15,32,06,Inspire/WishP9/PB25,
0814,08.09.2017,06,07,34,39,42,12,RNG2/RNG2,RNG/RNG,
0815,12.09.2017,02,03,11,29,41,15,RNG2/RNG2,RNG/RNG,
0816,15.09.2017,11,16,24,28,44,06,RNG2/RNG2,RNG/RNG,
0817,19.09.2017,15,22,25,36,39,19,RNG2/RNG2,RNG/RNG,
0818,22.09.2017,04,12,28,30,39,03,RNG2/RNG2,RNG/RNG,
0819,26.09.2017,09,17,33,42,45,13,RNG2/RNG2,RNG/RNG,
0820,29.09.2017,26,28,32,39,42,09,RNG2/RNG2,RNG/RNG,
0821,03.10.2017,07,26,35,36,39,14,RNG2/RNG2,RNG/RNG,
0822,06.10.2017,18,22,23,31,38,17,RNG2/RNG2,RNG/RNG,
0823,10.10.2017,13,15,25,29,39,14,RNG2/RNG2,RNG/RNG,
0824,13.10.2017,05,08,25,30,32,17,RNG2/RNG2,RNG/RNG,
0825,17.10.2017,01,03,10,39,43,13,RNG2/RNG2,RNG/RNG,
0826,20.10.2017,19,20,24,26,30,20,RNG2/RNG2,RNG/RNG,
0827,24.10.2017,13,26,37,42,44,03,RNG2/RNG2,RNG/RNG,
0828,27.10.2017,14,15,21,29,45,06,RNG2/RNG2,RNG/RNG,
0829,31.10.2017,06,10,16,36,43,17,RNG2/RNG2,RNG/RNG,
0830,03.11.2017,03,17,19,23,44,19,RNG2/RNG2,RNG/RNG,
0831,07.11.2017,09,10,22,34,44,18,RNG2/RNG2,RNG/RNG,
0832,10.11.2017,13,28,31,33,44,08,RNG2/RNG2,RNG/RNG,
0833,14.11.2017,08,21,25,34,41,20,RNG2/RNG2,RNG/RNG,
0834,17.11.2017,13,14,24,36,42,20,RNG2/RNG2,RNG/RNG,
0835,21.11.2017,16,23,32,34,41,18,RNG2/RNG2,RNG/RNG,
0836,24.11.2017,04,14,29,37,43,18,RNG2/RNG2,RNG/RNG,
0837,28.11.2017,07,11,28,38,39,14,RNG2/RNG2,RNG/RNG,
0838,01.12.2017,08,11,22,28,29,01,RNG2/RNG2,RNG/RNG,
0839,05.12.2017,04,08,19,32,40,18,RNG2/RNG2,RNG/RNG,
0840,08.12.2017,03,08,17,22,27,13,RNG2/RNG2,RNG/RNG,
0841,12.12.2017,07,10,15,24,39,19,RNG2/RNG2,RNG/RNG,
0842,15.12.2017,02,09,10,17,44,18,/,/,
0843,19.12.2017,03,07,11,43,44,04,RNG2/RNG2,RNG/RNG,
0844,22.12.2017,05,09,16,19,31,03,RNG2/RNG2,RNG/RNG,
0845,26.12.2017,13,14,29,42,44,04,RNG2/RNG2,RNG/RNG,
0846,29.12.2017,03,07,21,41,42,18,RNG2/RNG2,RNG/RNG,
0847,02.01.2018,21,29,30,34,37,20,RNG2/RNG2,RNG/RNG,
0848,05.01.2018,08,31,34,35,44,04,RNG2/RNG2,RNG/RNG,
0849,09.01.2018,04,11,18,19,40,19,RNG2/RNG2,RNG/RNG,
0850,12.01.2018,15,17,20,25,42,19,RNG2/RNG2,RNG/RNG,
0851,16.01.2018,12,27,29,35,36,15,RNG2/RNG2,RNG/RNG,
0852,19.01.2018,01,03,13,24,27,12,RNG2/RNG2,RNG/RNG,
0853,23.01.2018,03,28,40,41,42,08,RNG2/RNG2,RNG/RNG,
0854,26.01.2018,06,08,14,22,25,03,RNG2/RNG2,RNG/RNG,
0855,30.01.2018,08,20,41,42,43,04,RNG2/RNG2,RNG/RNG,
0856,02.02.2018,10,13,30,36,45,19,RNG2/RNG2,RNG/RNG,
0857,06.02.2018,06,07,21,27,40,15,RNG2/RNG2,RNG/RNG,
0858,09.02.2018,01,08,10,26,39,17,RNG2/RNG2,RNG/RNG,
0859,13.02.2018,05,10,12,29,42,08,RNG2/RNG2,RNG/RNG,
0860,16.02.2018,02,08,26,28,30,02,x/x,x/x,
0861,20.02.2018,08,27,30,33,42,03,x/x,x/x,
0862,23.02.2018,15,20,31,36,45,17,RNG2/RNG2,RNG/RNG,
0863,27.02.2018,06,16,18,33,34,13,RNG2/RNG2,RNG/RNG,
0864,02.03.2018,01,14,27,33,40,12,RNG2/RNG2,RNG/RNG,
0865,06.03.2018,12,24,29,35,36,01,RNG2/RNG2,RNG/RNG,
0866,09.03.2018,09,11,20,26,34,10,RNG2/RNG2,RNG/RNG,
0867,13.03.2018,13,26,31,37,43,15,RNG2/RNG2,RNG/RNG,
0868,16.03.2018,08,17,29,31,38,05,RNG2/RNG2,RNG/RNG,
0869,20.03.2018,05,21,35,37,40,09,RNG2/RNG2,RNG/RNG,
0870,23.03.2018,03,23,24,35,37,09,RNG2/RNG2,RNG/RNG,
0871,27.03.2018,04,09,12,18,31,06,RNG2/RNG2,RNG/RNG,
0872,30.03.2018,08,19,34,37,41,11,RNG2/RNG2,RNG/RNG,
0873,03.04.2018,04,13,16,33,40,02,RNG2/RNG2,RNG/RNG,
0874,06.04.2018,03,11,26,35,43,03,RNG2/RNG2,RNG/RNG,
0875,10.04.2018,02,14,17,31,34,19,RNG2/RNG2,RNG/RNG,
0876,13.04.2018,06,09,21,23,30,14,RNG2/RNG2,RNG/RNG,
0877,17.04.2018,33,03,06,07,16,17,RNG2/RNG2,RNG/RNG,
0878,20.04.2018,05,13,20,31,35,09,RNG2/RNG2,RNG/RNG,
0879,24.04.2018,06,16,17,39,43,04,RNG2/RNG2,RNG/RNG,
0880,27.04.2018,02,08,12,20,43,06,RNG2/RNG2,RNG/RNG,
0881,01.05.2018,08,17,29,40,42,11,RNG2/RNG2,RNG/RNG,
0882,04.05.2018,04,09,11,12,25,06,RNG2/RNG2,RNG/RNG,
0883,08.05.2018,03,04,06,26,44,05,RNG2/RNG2,RNG/RNG,
0884,11.05.2018,08,22,33,40,43,03,RNG2/RNG2,RNG/RNG,
0885,15.05.2018,05,10,20,27,40,10,RNG2/RNG2,RNG/RNG,
0886,18.05.2018,06,10,11,28,40,07,RNG2/RNG2,RNG/RNG,
0887,22.05.2018,03,10,15,19,44,14,RNG2/RNG2,RNG/RNG,
0888,25.05.2018,06,11,23,36,37,13,RNG2/RNG2,RNG/RNG,
0889,29.05.2018,12,21,31,37,41,13,RNG2/RNG2,RNG/RNG,
0890,01.06.2018,01,37,40,41,43,04,RNG2/RNG2,RNG/RNG,
0891,05.06.2018,10,13,28,33,45,14,RNG2/RNG2,RNG/RNG,
0892,08.06.2018,03,13,25,26,34,13,RNG2/RNG2,RNG/RNG,
0893,12.06.2018,03,05,31,35,37,13,RNG2/RNG2,RNG/RNG,
0894,15.06.2018,08,09,14,28,41,09,RNG2/RNG2,RNG/RNG,
0895,19.06.2018,12,20,23,24,37,04,RNG2/RNG2,RNG/RNG,
0896,22.06.2018,02,06,13,14,19,17,RNG2/RNG2,RNG/RNG,
0897,26.06.2018,15,25,39,43,50,14,RNG2/RNG2,RNG/RNG,
0898,29.06.2018,15,22,25,31,37,16,RNG2/RNG2,RNG/RNG,
0899,03.07.2018,03,38,48,49,50,18,RNG2/RNG2,RNG/RNG,
0900,06.07.2018,08,16,19,35,39,11,RNG2/RNG2,RNG/RNG,
0901,10.07.2018,01,31,34,38,46,12,RNG2/RNG2,RNG/RNG,
0902,13.07.2018,13,14,34,38,45,11,RNG2/RNG2,RNG/RNG,
0903,17.07.2018,12,26,34,35,44,04,RNG2/RNG2,RNG/RNG,
0904,20.07.2018,09,21,22,33,39,05,RNG2/RNG2,RNG/RNG,
0905,24.07.2018,09,15,18,24,29,19,RNG2/RNG2,RNG/RNG,
0906,27.07.2018,04,15,19,33,36,02,RNG2/RNG2,RNG/RNG,
0907,31.07.2018,03,06,14,34,36,12,RNG2/RNG2,RNG/RNG,
0908,03.08.2018,01,15,23,24,35,04,RNG2/RNG2,RNG/RNG,
0909,07.08.2018,02,03,19,24,30,03,RNG2/RNG2,RNG/RNG,
0910,10.08.2018,03,10,14,43,50,14,RNG2/RNG2,RNG/RNG,
0911,14.08.2018,13,29,32,38,45,05,/,/,
0912,17.08.2018,09,19,24,35,42,10,/,/,
0913,21.08.2018,19,21,23,34,45,09,/,/,
0914,24.08.2018,03,06,25,27,40,04,x/x,x/x,
0915,28.08.2018,04,13,21,41,44,15,x/x,x/x,
0916,31.08.2018,07,38,42,43,47,03,x/x,x/x,
0917,04.09.2018,03,13,24,25,41,08,x/x,x/x,
0918,07.09.2018,09,11,20,28,44,06,x/x,x/x,
0919,11.09.2018,03,26,34,40,50,12,x/x,x/x,
0920,14.09.2018,10,17,29,31,40,09,x/x,x/x,
0921,18.09.2018,15,22,23,31,38,01,x/x,x/x,
0922,21.09.2018,28,32,39,43,46,08,x/x,x/x,
0923,25.09.2018,07,15,17,30,40,11,x/x,x/x,
0924,28.09.2018,07,24,31,36,50,02,x/x,x/x,
0925,02.10.2018,03,07,15,24,35,18,x/x,x/x,
0926,05.10.2018,32,36,42,46,49,11,x/x,x/x,
0927,09.10.2018,05,13,22,24,40,05,x/x,x/x,
0928,12.10.2018,01,02,11,19,44,08,x/x,x/x,
0929,16.10.2018,02,08,27,35,41,08,x/x,x/x,
0930,19.10.2018,01,32,39,41,43,06,x/x,x/x,
0931,23.10.2018,04,17,21,28,48,20,x/x,x/x,
0932,26.10.2018,02,15,19,24,38,20,x/x,x/x,
0933,30.10.2018,19,20,24,27,29,19,x/x,x/x,
0934,02.11.2018,02,30,36,42,47,13,x/x,x/x,
0935,06.11.2018,10,20,48,49,50,12,x/x,x/x,
0936,09.11.2018,06,07,10,19,43,20,x/x,x/x,
0937,13.11.2018,04,06,19,24,41,08,x/x,x/x,
0938,16.11.2018,20,24,32,33,35,18,x/x,x/x,
0939,20.11.2018,14,32,33,37,47,15,x/x,x/x,
0940,23.11.2018,03,06,08,23,30,08,x/x,x/x,
0941,27.11.2018,12,27,39,41,46,10,x/x,x/x,
0942,30.11.2018,12,15,25,29,49,07,x/x,x/x,
0943,04.12.2018,05,13,20,33,34,06,x/x,x/x,
0944,07.12.2018,03,06,22,33,47,15,x/x,x/x,
0945,11.12.2018,07,29,39,42,48,07,x/x,x/x,
0946,14.12.2018,04,05,09,16,20,03,x/x,x/x,
0947,18.12.2018,03,05,14,20,32,16,x/x,x/x,
0948,21.12.2018,22,34,40,44,48,02,x/x,x/x,
0949,25.12.2018,13,16,28,29,30,07,x/x,x/x,
0950,28.12.2018,18,21,30,32,50,08,x/x,x/x,
0951,01.01.2019,42,44,46,47,48,11,x/x,x/x,
0952,04.01.2019,07,09,24,26,29,01,x/x,x/x,
0953,08.01.2019,02,15,35,44,46,13,x/x,x/x,
0954,11.01.2019,08,21,25,29,42,15,x/x,x/x,
0955,15.01.2019,09,13,24,27,29,20,x/x,x/x,
0956,18.01.2019,08,23,26,38,40,09,x/x,x/x,
0957,22.01.2019,06,15,24,41,47,03,x/x,x/x,
0958,25.01.2019,20,27,31,40,41,09,x/x,x/x,
0959,29.01.2019,06,07,23,25,29,05,x/x,x/x,
0960,01.02.2019,05,13,19,39,41,03,x/x,x/x,
0961,05.02.2019,05,28,31,35,50,09,x/x,x/x,
0962,08.02.2019,22,30,39,41,42,11,x/x,x/x,
0963,12.02.2019,15,16,24,38,47,13,x/x,x/x,
0964,15.02.2019,19,20,37,42,43,17,x/x,x/x,
0965,19.02.2019,14,18,21,26,35,05,x/x,x/x,
0966,22.02.2019,07,09,10,11,40,02,x/x,x/x,
0967,26.02.2019,10,20,28,31,33,12,x/x,x/x,
0968,01.03.2019,24,29,34,46,49,15,x/x,x/x,
0969,05.03.2019,01,18,24,48,49,20,x/x,x/x,
0970,08.03.2019,04,05,07,11,22,03,x/x,x/x,
0971,12.03.2019,08,27,40,46,48,18,x/x,x/x,
0972,15.03.2019,19,36,40,45,49,05,x/x,x/x,
0973,19.03.2019,03,16,32,33,36,07,x/x,x/x,
0974,22.03.2019,08,10,15,34,35,16,x/x,x/x,
0975,26.03.2019,01,08,24,26,30,02,x/x,x/x,
0976,29.03.2019,03,06,11,13,31,13,x/x,x/x,
0977,02.04.2019,11,29,35,38,41,18,x/x,x/x,
0978,05.04.2019,15,22,29,31,48,03,x/x,x/x,
0979,09.04.2019,05,11,13,28,38,14,x/x,x/x,
0980,12.04.2019,28,35,41,43,50,12,x/x,x/x,
0981,16.04.2019,05,06,32,44,48,05,x/x,x/x,
0982,19.04.2019,17,19,25,43,47,04,x/x,x/x,
0983,23.04.2019,10,35,37,46,48,09,x/x,x/x,
0984,26.04.2019,13,16,19,43,49,13,x/x,x/x,
0985,30.04.2019,01,03,20,46,48,05,x/x,x/x,
0986,03.05.2019,13,18,20,35,36,11,x/x,x/x,
0987,07.05.2019,15,22,30,45,48,13,x/x,x/x,
0988,10.05.2019,14,22,23,39,43,15,x/x,x/x,
0989,14.05.2019,15,18,34,44,46,16,x/x,x/x,
0990,17.05.2019,09,19,29,31,46,17,x/x,x/x,
0991,21.05.2019,03,11,15,33,43,13,x/x,x/x,
0992,24.05.2019,03,25,29,38,39,07,x/x,x/x,
0993,28.05.2019,15,21,25,33,43,17,x/x,x/x,
0994,31.05.2019,05,21,25,27,47,12,x/x,x/x,
0995,04.06.2019,10,16,22,46,50,19,x/x,x/x,
0996,07.06.2019,04,11,21,22,45,14,x/x,x/x,
0997,11.06.2019,11,14,15,38,47,13,x/x,x/x,
0998,14.06.2019,24,26,27,35,39,15,x/x,x/x,
0999,18.06.2019,02,03,17,20,33,03,x/x,x/x,
1000,21.06.2019,08,15,28,46,49,08,x/x,x/x,
1001,25.06.2019,03,32,33,38,40,11,x/x,x/x,
1002,28.06.2019,03,13,16,33,41,10,x/x,x/x,
1003,02.07.2019,16,29,43,44,47,15,x/x,x/x,
1004,05.07.2019,28,37,39,46,47,12,x/x,x/x,
1005,09.07.2019,09,12,28,44,49,13,x/x,x/x,
1006,12.07.2019,29,35,46,47,48,17,x/x,x/x,
1007,16.07.2019,03,05,20,23,40,14,x/x,x/x,
1008,19.07.2019,03,12,13,20,41,16,x/x,x/x,
1009,23.07.2019,04,06,35,45,48,20,x/x,x/x,
1010,26.07.2019,04,17,19,43,48,07,x/x,x/x,
1011,30.07.2019,01,14,29,32,38,18,x/x,x/x,
1012,02.08.2019,05,31,45,46,47,05,x/x,x/x,
1013,06.08.2019,06,08,15,30,37,20,x/x,x/x,
1014,09.08.2019,02,18,34,37,48,03,x/x,x/x,
1015,13.08.2019,05,16,17,25,38,02,x/x,x/x,
1016,16.08.2019,03,10,14,31,41,09,x/x,x/x,
1017,20.08.2019,11,19,20,39,41,09,x/x,x/x,
1018,23.08.2019,08,09,15,20,24,14,x/x,x/x,
1019,27.08.2019,04,05,09,10,11,13,x/x,x/x,
1020,30.08.2019,08,14,36,40,47,02,x/x,x/x,
1021,03.09.2019,06,11,16,31,34,19,x/x,x/x,
1022,06.09.2019,02,20,25,40,49,20,x/x,x/x,
1023,10.09.2019,10,15,24,28,50,05,x/x,x/x,
1024,13.09.2019,08,09,10,11,42,09,x/x,x/x,
1025,17.09.2019,13,21,23,35,49,08,x/x,x/x,
1026,20.09.2019,09,16,22,29,35,06,x/x,x/x,
1027,24.09.2019,06,34,35,36,46,12,x/x,x/x,
1028,27.09.2019,14,16,18,22,39,15,x/x,x/x,
1029,01.10.2019,03,09,29,32,50,07,x/x,x/x,
1030,04.10.2019,04,05,23,29,31,17,x/x,x/x,
1031,08.10.2019,04,15,36,37,50,17,x/x,x/x,
1032,11.10.2019,15,16,17,26,43,10,x/x,x/x,
1033,15.10.2019,10,34,36,39,50,06,x/x,x/x,
1034,18.10.2019,15,21,31,34,44,02,x/x,x/x,
1035,22.10.2019,03,22,31,35,48,16,x/x,x/x,
1036,25.10.2019,02,21,29,37,49,09,x/x,x/x,
1037,29.10.2019,08,29,38,41,50,02,x/x,x/x,
1038,01.11.2019,13,25,29,43,47,12,x/x,x/x,
1039,05.11.2019,04,07,18,27,37,08,x/x,x/x,
1040,08.11.2019,05,18,27,37,45,12,x/x,x/x,
1041,12.11.2019,03,05,10,11,25,10,x/x,x/x,
1042,15.11.2019,13,15,31,37,49,13,x/x,x/x,
1043,19.11.2019,03,04,16,43,44,10,x/x,x/x,
1044,22.11.2019,05,17,18,20,26,07,x/x,x/x,
1045,26.11.2019,02,08,11,13,32,03,x/x,x/x,
1046,29.11.2019,06,11,21,25,49,12,x/x,x/x,
1047,03.12.2019,05,06,15,23,45,06,x/x,x/x,
1048,06.12.2019,12,19,33,34,49,08,x/x,x/x,
1049,10.12.2019,18,21,24,40,50,17,x/x,x/x,
1050,13.12.2019,01,09,13,25,34,10,x/x,x/x,
1051,17.12.2019,15,27,33,38,48,01,x/x,x/x,
1052,20.12.2019,08,10,22,36,40,20,x/x,x/x,
1053,24.12.2019,14,18,29,41,46,06,x/x,x/x,
1054,27.12.2019,04,13,34,36,38,04,x/x,x/x,
1055,31.12.2019,22,31,44,49,50,08,x/x,x/x,
1056,03.01.2020,08,09,18,43,50,12,x/x,x/x,
1057,07.01.2020,04,08,18,35,49,10,x/x,x/x,
1058,10.01.2020,23,25,28,30,40,13,x/x,x/x,
1059,14.01.2020,09,10,11,32,43,15,x/x,x/x,
1060,17.01.2020,07,08,18,26,31,16,x/x,x/x,
1061,21.01.2020,14,18,32,42,49,17,x/x,x/x,
1062,24.01.2020,05,11,26,48,49,12,x/x,x/x,
1063,28.01.2020,14,18,31,36,49,09,x/x,x/x,
1064,31.01.2020,11,14,18,29,34,15,x/x,x/x,
1065,04.02.2020,03,15,23,37,45,18,x/x,x/x,
1066,07.02.2020,02,04,29,38,47,01,x/x,x/x,
1067,11.02.2020,09,22,40,43,46,01,x/x,x/x,
1068,14.02.2020,02,19,40,49,50,06,x/x,x/x,
1069,18.02.2020,14,17,20,36,49,02,x/x,x/x,
1070,21.02.2020,04,18,30,34,36,20,x/x,x/x,
1071,25.02.2020,04,10,17,26,31,11,x/x,x/x,
1072,28.02.2020,01,31,37,49,50,02,x/x,x/x,
1073,03.03.2020,11,17,18,27,44,08,x/x,x/x,
1074,06.03.2020,06,23,26,28,47,06,x/x,x/x,
1075,10.03.2020,06,08,24,25,50,10,x/x,x/x,
1076,13.03.2020,05,06,12,22,50,11,x/x,x/x,
1077,17.03.2020,16,29,34,38,49,14,x/x,x/x,
1078,20.03.2020,04,09,16,21,36,14,x/x,x/x,
1079,24.03.2020,04,12,41,45,46,05,x/x,x/x,
1080,27.03.2020,03,08,18,38,45,03,x/x,x/x,
1081,31.03.2020,14,20,28,43,49,05,x/x,x/x,
1082,03.04.2020,09,10,29,32,45,09,x/x,x/x,
1083,07.04.2020,04,13,32,34,42,09,x/x,x/x,
1084,10.04.2020,07,14,22,24,41,16,x/x,x/x,
1085,14.04.2020,06,11,25,31,46,09,x/x,x/x,
1086,17.04.2020,16,19,20,23,25,10,x/x,x/x,
1087,21.04.2020,08,13,21,46,50,13,x/x,x/x,
1088,24.04.2020,10,12,22,42,50,18,x/x,x/x,
1089,28.04.2020,06,12,32,36,45,04,x/x,x/x,
1090,01.05.2020,12,20,43,48,49,06,x/x,x/x,
1091,05.05.2020,06,22,41,46,49,03,x/x,x/x,
1092,08.05.2020,12,21,30,35,45,18,x/x,x/x,
1093,12.05.2020,06,22,34,44,45,11,x/x,x/x,
1094,15.05.2020,05,07,13,19,47,04,x/x,x/x,
1095,19.05.2020,09,15,19,36,44,10,x/x,x/x,
1096,22.05.2020,09,10,24,41,45,15,x/x,x/x,
1097,26.05.2020,15,25,34,39,42,04,x/x,x/x,
1098,29.05.2020,04,27,30,34,45,20,x/x,x/x,
1099,02.06.2020,05,15,29,41,46,14,x/x,x/x,
1100,05.06.2020,14,23,28,40,48,03,x/x,x/x,
1101,09.06.2020,05,37,43,49,50,03,x/x,x/x,
1102,12.06.2020,09,27,38,43,48,15,x/x,x/x,
1103,16.06.2020,04,26,27,29,41,15,x/x,x/x,
1104,19.06.2020,21,28,29,33,48,07,x/x,x/x,
1105,23.06.2020,02,07,16,36,47,18,x/x,x/x,
1106,26.06.2020,11,20,21,34,50,07,x/x,x/x,
1107,30.06.2020,02,11,27,36,39,03,x/x,x/x,
1108,03.07.2020,02,07,15,25,41,01,x/x,x/x,
1109,07.07.2020,02,07,13,20,45,18,x/x,x/x,
1110,10.07.2020,11,16,44,46,50,01,x/x,x/x,
1111,14.07.2020,20,21,28,48,49,03,x/x,x/x,
1112,17.07.2020,12,15,24,30,38,06,x/x,x/x,
1113,21.07.2020,17,20,22,32,41,03,x/x,x/x,
1114,24.07.2020,04,06,11,27,34,10,x/x,x/x,
1115,28.07.2020,03,28,30,38,40,08,x/x,x/x,
1116,31.07.2020,06,18,30,46,48,11,x/x,x/x,
1117,04.08.2020,04,28,34,38,47,16,x/x,x/x,
1118,07.08.2020,11,30,42,45,48,12,x/x,x/x,
1119,11.08.2020,27,29,39,40,42,06,x/x,x/x,
1120,14.08.2020,10,11,16,25,30,01,x/x,x/x,
1121,18.08.2020,06,22,30,39,49,02,x/x,x/x,
1122,21.08.2020,13,32,33,40,41,01,x/x,x/x,
1123,25.08.2020,07,20,32,34,48,01,x/x,x/x,
1124,28.08.2020,08,10,17,44,45,12,x/x,x/x,
1125,01.09.2020,16,21,22,36,39,05,x/x,x/x,
1126,04.09.2020,02,03,11,12,43,13,x/x,x/x,
1127,08.09.2020,12,13,14,36,50,06,x/x,x/x,
1128,11.09.2020,01,04,10,12,49,18,x/x,x/x,
1129,15.09.2020,03,18,32,40,46,07,x/x,x/x,
1130,18.09.2020,08,19,24,29,44,08,x/x,x/x,
1131,22.09.2020,03,10,28,31,41,07,x/x,x/x,
1132,25.09.2020,02,17,18,27,37,04,x/x,x/x,
1133,29.09.2020,07,12,16,28,38,13,x/x,x/x,
1134,02.10.2020,08,10,23,41,50,09,x/x,x/x,
1135,06.10.2020,06,21,25,29,33,09,x/x,x/x,
1136,09.10.2020,08,21,38,41,50,04,x/x,x/x,
1137,13.10.2020,13,15,20,27,28,07,x/x,x/x,
1138,16.10.2020,01,07,18,37,48,13,x/x,x/x,
1139,20.10.2020,15,20,29,32,45,04,x/x,x/x,
1140,23.10.2020,03,06,36,41,43,17,x/x,x/x,
1141,27.10.2020,19,25,41,45,46,12,x/x,x/x,
1142,30.10.2020,04,27,36,46,49,16,x/x,x/x,
1143,03.11.2020,01,02,25,36,39,12,x/x,x/x,
1144,06.11.2020,06,09,33,40,44,11,x/x,x/x,
1145,10.11.2020,06,23,30,35,36,14,x/x,x/x,
1146,13.11.2020,01,11,16,19,24,19,x/x,x/x,
1147,17.11.2020,11,12,36,37,38,12,x/x,x/x,
1148,20.11.2020,07,10,13,22,50,12,x/x,x/x,
1149,24.11.2020,13,15,30,43,47,18,x/x,x/x,
1150,27.11.2020,13,29,34,36,49,18,x/x,x/x,
1151,01.12.2020,05,06,07,08,09,10,x/x,x/x,
1152,04.12.2020,13,15,24,30,50,09,x/x,x/x,
1153,08.12.2020,06,16,35,37,40,02,x/x,x/x,
1154,11.12.2020,13,18,25,36,49,19,x/x,x/x,
1155,15.12.2020,03,07,13,34,50,06,x/x,x/x,
1156,18.12.2020,20,22,24,28,47,14,x/x,x/x,
1157,22.12.2020,09,12,15,27,42,14,x/x,x/x,
1158,29.12.2020,15,17,24,28,30,19,x/x,x/x,
1159,01.01.2021,01,07,24,30,44,01,x/x,x/x,
1160,05.01.2021,04,17,42,46,48,14,x/x,x/x,
1161,08.01.2021,11,16,28,32,41,06,x/x,x/x,
1162,12.01.2021,11,13,28,36,37,15,x/x,x/x,
1163,15.01.2021,24,31,40,45,48,20,x/x,x/x,
1164,19.01.2021,13,16,28,42,45,11,x/x,x/x,
1165,22.01.2021,11,14,36,37,44,19,x/x,x/x,
1166,26.01.2021,04,08,12,15,19,17,x/x,x/x,
1167,29.01.2021,02,11,16,22,47,19,x/x,x/x,
1168,02.02.2021,06,13,22,34,49,10,x/x,x/x,
1169,05.02.2021,08,16,19,20,50,18,x/x,x/x,
1170,09.02.2021,04,07,15,30,32,10,x/x,x/x,
1171,12.02.2021,03,15,35,39,41,05,x/x,x/x,
1172,16.02.2021,05,18,31,36,45,08,x/x,x/x,
1173,19.02.2021,03,17,20,25,47,03,x/x,x/x,
1174,23.02.2021,08,13,25,32,42,16,x/x,x/x,
1175,26.02.2021,01,03,07,41,44,11,x/x,x/x,
1176,02.03.2021,01,11,21,32,42,11,x/x,x/x,
1177,05.03.2021,06,15,39,40,48,17,x/x,x/x,
1178,09.03.2021,28,30,36,37,41,07,x/x,x/x,
1179,12.03.2021,07,15,29,34,39,02,x/x,x/x,
1180,16.03.2021,11,20,21,32,36,18,x/x,x/x,
1181,19.03.2021,05,16,27,32,46,18,x/x,x/x,
1182,23.03.2021,07,09,10,18,34,16,x/x,x/x,
1183,26.03.2021,05,25,27,42,47,15,x/x,x/x,
1184,30.03.2021,07,16,24,25,38,09,x/x,x/x,
1185,02.04.2021,04,08,15,25,26,17,x/x,x/x,
1186,06.04.2021,03,13,21,42,45,08,x/x,x/x,
1187,09.04.2021,18,31,39,45,46,17,x/x,x/x,
1188,13.04.2021,06,08,22,31,42,15,x/x,x/x,
1189,16.04.2021,02,05,12,25,49,20,x/x,x/x,
1190,20.04.2021,03,05,12,32,49,19,x/x,x/x,
1191,23.04.2021,05,14,19,30,35,12,x/x,x/x,
1192,27.04.2021,01,08,22,29,49,18,x/x,x/x,
1193,30.04.2021,06,12,22,38,45,04,x/x,x/x,
1194,04.05.2021,03,09,17,25,39,13,x/x,x/x,
1195,07.05.2021,04,07,19,20,49,19,x/x,x/x,
1196,11.05.2021,04,10,17,29,38,20,x/x,x/x,
1197,14.05.2021,03,16,28,31,48,11,x/x,x/x,
1198,18.05.2021,04,11,30,35,45,12,x/x,x/x,
1199,21.05.2021,19,21,24,45,50,05,x/x,x/x,
1200,25.05.2021,03,04,08,25,44,15,x/x,x/x,
1201,28.05.2021,31,33,36,38,44,04,x/x,x/x,
1202,01.06.2021,03,05,23,37,42,11,x/x,x/x,
1203,04.06.2021,17,34,37,39,44,10,x/x,x/x,
1204,08.06.2021,01,03,17,28,50,07,x/x,x/x,
1205,11.06.2021,09,12,27,37,48,07,x/x,x/x,
1206,15.06.2021,13,23,24,27,44,10,x/x,x/x,
1207,18.06.2021,03,08,19,28,49,11,x/x,x/x,
1208,22.06.2021,03,11,24,33,41,16,x/x,x/x,
1209,25.06.2021,04,16,34,36,46,06,x/x,x/x,
1210,29.06.2021,06,35,41,43,45,04,x/x,x/x,
1211,02.07.2021,20,30,34,38,43,07,x/x,x/x,
1212,06.07.2021,01,16,18,26,39,08,x/x,x/x,
1213,09.07.2021,03,12,29,31,38,15,x/x,x/x,
1214,13.07.2021,02,28,29,38,42,02,x/x,x/x,
1215,16.07.2021,20,22,25,41,45,05,x/x,x/x,
1216,20.07.2021,07,32,33,40,42,06,x/x,x/x,
1217,23.07.2021,21,45,47,48,49,18,x/x,x/x,
1218,27.07.2021,05,12,15,28,29,14,x/x,x/x,
1219,30.07.2021,04,12,27,35,50,01,x/x,x/x,
1220,03.08.2021,08,16,18,30,34,04,x/x,x/x,
1221,06.08.2021,07,13,18,20,25,06,x/x,x/x,
1222,10.08.2021,01,04,12,13,33,06,x/x,x/x,
1223,13.08.2021,05,23,41,42,50,02,x/x,x/x,
1224,17.08.2021,10,18,23,30,48,01,x/x,x/x,
1225,20.08.2021,06,21,33,37,50,18,x/x,x/x,
1226,24.08.2021,21,23,34,35,41,09,x/x,x/x,
1227,27.08.2021,06,10,11,45,47,13,x/x,x/x,
1228,31.08.2021,09,10,35,42,48,20,x/x,x/x,
1229,03.09.2021,02,09,18,42,43,08,x/x,x/x,
1230,07.09.2021,02,11,13,19,40,02,x/x,x/x,
1231,10.09.2021,08,12,17,28,43,13,x/x,x/x,
1232,14.09.2021,16,18,23,31,35,10,x/x,x/x,
1233,17.09.2021,08,10,17,26,39,14,x/x,x/x,
1234,21.09.2021,18,26,41,44,47,04,x/x,x/x,
1235,24.09.2021,14,17,24,31,43,15,x/x,x/x,
1236,28.09.2021,13,15,20,28,29,15,x/x,x/x,
1237,01.10.2021,24,25,38,40,49,02,x/x,x/x,
1238,05.10.2021,02,13,20,42,47,03,x/x,x/x,
1239,08.10.2021,04,14,18,24,38,09,x/x,x/x,
1240,12.10.2021,23,30,32,36,39,12,x/x,x/x,
1241,15.10.2021,15,30,44,45,48,15,x/x,x/x,
1242,19.10.2021,15,19,21,24,41,02,x/x,x/x,
1243,22.10.2021,03,08,17,40,47,13,x/x,x/x,
1244,26.10.2021,08,15,19,27,49,04,x/x,x/x,
1245,29.10.2021,29,42,45,47,49,08,x/x,x/x,
1246,02.11.2021,11,24,25,26,38,20,x/x,x/x,
1247,05.11.2021,09,15,38,40,42,02,x/x,x/x,
1248,09.11.2021,13,15,32,43,44,03,x/x,x/x,
1249,12.11.2021,02,24,27,41,49,17,x/x,x/x,
1250,16.11.2021,08,09,36,42,50,04,x/x,x/x,
1251,19.11.2021,04,16,39,40,50,09,x/x,x/x,
1252,23.11.2021,03,18,21,24,28,01,x/x,x/x,
1253,26.11.2021,05,07,11,19,38,14,x/x,x/x,
1254,30.11.2021,02,17,22,31,35,04,x/x,x/x,
1255,03.12.2021,09,19,20,30,31,10,x/x,x/x,
1256,07.12.2021,04,07,17,19,23,14,x/x,x/x,
1257,10.12.2021,23,24,27,48,49,03,x/x,x/x,
1258,14.12.2021,05,19,30,37,43,16,x/x,x/x,
1259,17.12.2021,19,28,34,38,48,04,x/x,x/x,
1260,21.12.2021,13,35,46,47,50,05,x/x,x/x,
1261,24.12.2021,06,10,11,29,41,16,x/x,x/x,
1262,28.12.2021,02,13,16,49,50,18,x/x,x/x,
1263,31.12.2021,27,30,33,38,49,05,x/x,x/x,
1264,04.01.2022,03,19,38,45,46,19,x/x,x/x,
1265,07.01.2022,10,12,37,42,43,02,x/x,x/x,
1266,11.01.2022,20,23,27,38,45,17,x/x,x/x,
1267,14.01.2022,12,22,26,29,49,20,x/x,x/x,
1268,18.01.2022,09,36,44,45,46,16,x/x,x/x,
1269,21.01.2022,10,14,19,34,37,12,x/x,x/x,
1270,25.01.2022,03,11,29,32,36,08,x/x,x/x,
1271,28.01.2022,01,12,21,26,48,18,x/x,x/x,
1272,01.02.2022,31,33,37,40,43,01,x/x,x/x,
1273,04.02.2022,02,10,11,23,24,11,x/x,x/x,
1274,08.02.2022,01,04,14,39,49,13,x/x,x/x,
1275,11.02.2022,09,18,34,36,49,12,x/x,x/x,
1276,15.02.2022,02,09,26,27,32,17,x/x,x/x,
1277,18.02.2022,02,15,31,47,48,15,x/x,x/x,
1278,22.02.2022,18,29,31,32,49,01,x/x,x/x,
1279,25.02.2022,06,12,26,40,45,01,x/x,x/x,
1280,01.03.2022,04,15,26,38,39,19,x/x,x/x,
1281,04.03.2022,09,17,33,46,49,05,x/x,x/x,
1282,08.03.2022,08,14,21,40,43,05,x/x,x/x,
1283,11.03.2022,05,11,24,37,47,02,x/x,x/x,
1284,15.03.2022,19,24,37,38,41,16,x/x,x/x,
1285,18.03.2022,03,12,15,19,22,08,x/x,x/x,
1286,22.03.2022,20,30,35,43,48,19,x/x,x/x,
1287,25.03.2022,15,28,32,43,50,17,x/x,x/x,
1288,29.03.2022,01,20,35,42,46,02,x/x,x/x,
1289,01.04.2022,11,17,21,37,47,07,x/x,x/x,
1290,05.04.2022,18,36,38,42,50,17,x/x,x/x,
1291,08.04.2022,07,12,13,16,38,16,x/x,x/x,
1292,12.04.2022,11,15,28,34,42,05,x/x,x/x,
1293,15.04.2022,04,10,12,35,39,04,x/x,x/x,
1294,19.04.2022,12,25,26,28,43,08,x/x,x/x,
1295,22.04.2022,13,20,30,38,42,09,x/x,x/x,
1296,26.04.2022,02,20,38,43,46,09,x/x,x/x,
1297,29.04.2022,05,10,25,34,50,16,x/x,x/x,
1298,03.05.2022,24,26,35,39,44,20,x/x,x/x,
1299,06.05.2022,04,14,30,34,38,14,x/x,x/x,
1300,10.05.2022,22,38,42,48,49,16,x/x,x/x,
1301,13.05.2022,09,14,15,35,49,13,x/x,x/x,
1302,17.05.2022,15,24,32,35,46,11,x/x,x/x,
1303,20.05.2022,02,14,19,24,39,09,x/x,x/x,
1304,24.05.2022,07,16,21,22,32,12,x/x,x/x,
1305,27.05.2022,07,24,26,27,50,18,x/x,x/x,
1306,31.05.2022,01,05,17,24,33,13,x/x,x/x,
1307,03.06.2022,12,17,20,21,33,06,x/x,x/x,
1308,07.06.2022,04,07,35,41,46,04,x/x,x/x,
1309,10.06.2022,12,25,26,27,49,13,x/x,x/x,
1310,14.06.2022,05,23,26,46,48,16,x/x,x/x,
1311,17.06.2022,04,22,32,46,48,16,x/x,x/x,
1312,21.06.2022,02,06,18,40,50,16,x/x,x/x,
1313,24.06.2022,04,13,25,38,44,13,x/x,x/x,
1314,28.06.2022,09,12,28,29,50,13,x/x,x/x,
1315,01.07.2022,06,08,13,21,28,01,x/x,x/x,
1316,05.07.2022,13,14,16,18,31,19,x/x,x/x,
1317,08.07.2022,04,09,19,21,37,15,x/x,x/x,
1318,12.07.2022,01,17,21,47,48,15,x/x,x/x,
1319,15.07.2022,03,09,36,44,50,16,x/x,x/x,
1320,19.07.2022,14,18,29,46,47,16,x/x,x/x,
1321,22.07.2022,05,18,19,20,48,01,x/x,x/x,
1322,26.07.2022,04,06,09,41,50,13,x/x,x/x,
1323,29.07.2022,07,14,28,32,36,08,x/x,x/x,
1324,02.08.2022,13,14,20,43,45,01,x/x,x/x,
1325,05.08.2022,16,18,21,32,44,18,x/x,x/x,
1326,09.08.2022,06,26,39,42,43,01,x/x,x/x,
1327,12.08.2022,24,30,38,39,44,16,x/x,x/x,
1328,16.08.2022,21,33,40,42,48,02,x/x,x/x,
1329,19.08.2022,23,36,39,40,43,03,x/x,x/x,
1330,23.08.2022,10,11,17,29,40,15,x/x,x/x,
1331,26.08.2022,03,11,17,23,45,15,x/x,x/x,
1332,30.08.2022,01,07,10,27,35,17,x/x,x/x,
1333,02.09.2022,01,12,18,20,41,05,x/x,x/x,
1334,06.09.2022,02,08,26,31,34,05,x/x,x/x,
1335,09.09.2022,09,14,22,35,47,04,x/x,x/x,
1336,13.09.2022,01,10,11,20,33,11,x/x,x/x,
1337,16.09.2022,07,16,27,28,29,17,x/x,x/x,
1338,20.09.2022,13,16,23,45,47,17,x/x,x/x,
1339,23.09.2022,09,25,42,46,47,16,x/x,x/x,
1340,27.09.2022,04,32,39,40,46,06,x/x,x/x,
1341,30.09.2022,07,27,29,35,50,03,x/x,x/x,
1342,04.10.2022,23,24,27,38,41,02,x/x,x/x,
1343,07.10.2022,03,12,16,33,45,15,x/x,x/x,
1344,11.10.2022,02,12,25,29,34,16,x/x,x/x,
1345,14.10.2022,06,17,22,33,37,02,x/x,x/x,
1346,18.10.2022,06,07,14,29,48,13,x/x,x/x,
1347,21.10.2022,16,18,26,35,41,03,x/x,x/x,
1348,25.10.2022,20,23,27,39,46,06,x/x,x/x,
1349,28.10.2022,15,25,30,32,40,09,x/x,x/x,
1350,01.11.2022,03,06,22,29,47,19,x/x,x/x,
1351,04.11.2022,01,08,29,35,40,15,x/x,x/x,
1352,08.11.2022,07,08,09,10,17,17,x/x,x/x,
1353,11.11.2022,01,28,34,35,39,18,x/x,x/x,
1354,15.11.2022,05,07,16,36,41,02,x/x,x/x,
1355,18.11.2022,13,24,29,47,50,05,x/x,x/x,
1356,22.11.2022,05,18,21,37,38,19,x/x,x/x,
1357,25.11.2022,07,16,26,34,40,11,x/x,x/x,
1358,29.11.2022,04,06,08,33,38,05,x/x,x/x,
1359,02.12.2022,12,14,28,31,34,05,x/x,x/x,
1360,06.12.2022,01,09,10,47,50,11,x/x,x/x,
1361,09.12.2022,02,09,17,45,48,14,x/x,x/x,
1362,13.12.2022,16,23,36,43,46,17,x/x,x/x,
1363,16.12.2022,26,28,36,43,48,11,x/x,x/x,
1364,20.12.2022,04,09,19,24,29,02,x/x,x/x,
1365,23.12.2022,03,12,13,18,46,01,x/x,x/x,
1366,27.12.2022,03,19,24,28,45,12,x/x,x/x,
1367,30.12.2022,05,08,27,33,48,07,x/x,x/x,
1368,03.01.2023,02,21,33,39,42,11,x/x,x/x,
1369,06.01.2023,06,20,31,37,46,04,x/x,x/x,
1370,10.01.2023,08,22,27,37,50,09,x/x,x/x,
1371,13.01.2023,12,19,25,29,41,02,x/x,x/x,
1372,17.01.2023,01,09,37,38,39,05,x/x,x/x,
1373,20.01.2023,05,12,15,39,47,08,x/x,x/x,
1374,24.01.2023,03,10,32,40,48,02,x/x,x/x,
1375,27.01.2023,27,34,36,40,50,02,x/x,x/x,
1376,31.01.2023,12,14,17,29,50,20,x/x,x/x,
1377,03.02.2023,17,32,35,42,43,06,x/x,x/x,
1378,07.02.2023,03,04,23,32,49,08,x/x,x/x,
1379,10.02.2023,03,05,21,42,46,06,x/x,x/x,
1380,14.02.2023,08,14,18,21,49,11,x/x,x/x,
1381,17.02.2023,01,02,04,19,24,19,x/x,x/x,
1382,21.02.2023,10,18,22,36,48,02,x/x,x/x,
1383,24.02.2023,07,23,31,38,43,11,x/x,x/x,
1384,28.02.2023,02,14,21,22,40,19,x/x,x/x,
1385,03.03.2023,18,20,41,47,50,14,x/x,x/x,
1386,07.03.2023,08,14,15,27,49,16,x/x,x/x,
1387,10.03.2023,12,19,22,27,37,06,x/x,x/x,
1388,14.03.2023,08,20,29,42,44,16,x/x,x/x,
1389,17.03.2023,21,22,27,41,43,05,x/x,x/x,
1390,21.03.2023,07,22,28,34,41,10,x/x,x/x,
1391,24.03.2023,06,27,33,45,46,14,x/x,x/x,
1392,28.03.2023,10,22,27,42,49,19,x/x,x/x,
1393,31.03.2023,07,20,41,42,49,07,x/x,x/x,
1394,04.04.2023,15,18,29,33,35,12,x/x,x/x,
1395,07.04.2023,09,15,21,22,26,13,x/x,x/x,
1396,11.04.2023,04,30,38,43,49,19,x/x,x/x,
1397,14.04.2023,16,20,33,37,44,16,x/x,x/x,
1398,18.04.2023,03,05,08,15,25,16,x/x,x/x,
1399,21.04.2023,02,03,06,12,49,10,x/x,x/x,
1400,25.04.2023,10,12,13,23,47,16,x/x,x/x,
1401,28.04.2023,20,21,28,35,44,11,x/x,x/x,
1402,02.05.2023,13,16,17,41,43,18,x/x,x/x,
1403,05.05.2023,02,20,24,29,43,20,x/x,x/x,
1404,09.05.2023,02,04,16,17,34,19,x/x,x/x,
1405,12.05.2023,05,11,30,40,47,18,x/x,x/x,
1406,16.05.2023,01,05,14,36,45,19,x/x,x/x,
1407,19.05.2023,03,16,22,42,49,19,x/x,x/x,
1408,23.05.2023,20,24,26,28,38,13,x/x,x/x,
1409,26.05.2023,04,09,21,22,41,07,x/x,x/x,
1410,30.05.2023,03,07,38,48,50,16,x/x,x/x,
1411,02.06.2023,01,04,05,12,25,14,x/x,x/x,
1412,06.06.2023,03,09,15,38,44,12,x/x,x/x,
1413,09.06.2023,05,17,22,27,37,02,x/x,x/x,
1414,13.06.2023,10,28,31,35,42,01,x/x,x/x,
1415,16.06.2023,13,21,26,30,50,02,x/x,x/x,
1416,20.06.2023,20,24,33,44,48,06,x/x,x/x,
1417,23.06.2023,19,37,41,43,47,16,x/x,x/x,
1418,27.06.2023,07,21,33,45,46,12,x/x,x/x,
1419,30.06.2023,09,17,27,36,37,16,x/x,x/x,
1420,04.07.2023,13,29,30,31,47,08,x/x,x/x,
1421,07.07.2023,08,21,25,26,29,18,x/x,x/x,
1422,11.07.2023,10,19,20,22,48,19,x/x,x/x,
1423,14.07.2023,01,22,31,32,41,09,x/x,x/x,
1424,18.07.2023,05,21,33,45,50,05,x/x,x/x,
1425,21.07.2023,19,21,25,31,48,20,x/x,x/x,
1426,25.07.2023,14,24,25,44,48,04,x/x,x/x,
1427,28.07.2023,02,06,11,20,47,07,x/x,x/x,
1428,01.08.2023,01,16,30,38,46,10,x/x,x/x,
1429,04.08.2023,19,27,28,37,43,04,x/x,x/x,
1430,08.08.2023,17,18,26,39,46,04,x/x,x/x,
1431,11.08.2023,30,35,42,43,44,05,x/x,x/x,
1432,15.08.2023,07,09,16,34,38,11,x/x,x/x,
1433,18.08.2023,01,03,06,07,16,01,x/x,x/x,
1434,22.08.2023,05,10,16,19,29,10,x/x,x/x,
1435,25.08.2023,03,04,07,13,24,05,x/x,x/x,
1436,29.08.2023,08,23,31,36,44,17,x/x,x/x,
1437,01.09.2023,01,03,08,33,49,04,x/x,x/x,
1438,05.09.2023,04,12,18,24,50,12,x/x,x/x,
1439,08.09.2023,05,08,14,35,36,12,x/x,x/x,
1440,12.09.2023,03,15,18,36,45,20,x/x,x/x,
1441,15.09.2023,03,21,28,35,46,19,x/x,x/x,
1442,19.09.2023,15,18,36,43,46,18,x/x,x/x,
1443,22.09.2023,08,09,19,26,27,05,x/x,x/x,
1444,26.09.2023,08,22,25,35,44,02,x/x,x/x,
1445,29.09.2023,06,14,27,31,47,14,x/x,x/x,
1446,03.10.2023,03,08,15,24,45,14,x/x,x/x,
1447,06.10.2023,19,21,25,41,49,09,x/x,x/x,
1448,10.10.2023,07,15,19,20,49,10,x/x,x/x,
1449,13.10.2023,09,11,39,41,44,19,x/x,x/x,
1450,17.10.2023,05,18,29,36,49,18,x/x,x/x,
1451,20.10.2023,03,07,13,18,42,12,x/x,x/x,
1452,24.10.2023,01,10,33,37,46,04,x/x,x/x,
1453,27.10.2023,16,17,21,31,36,15,x/x,x/x,
1454,31.10.2023,10,15,19,36,48,04,x/x,x/x,
1455,03.11.2023,01,08,24,26,31,02,x/x,x/x,
1456,07.11.2023,03,13,28,31,40,15,x/x,x/x,
1457,10.11.2023,03,18,21,37,46,03,x/x,x/x,
1458,14.11.2023,10,24,30,33,44,20,x/x,x/x,
1459,17.11.2023,04,20,24,30,42,08,x/x,x/x,
1460,21.11.2023,03,13,24,45,49,10,x/x,x/x,
1461,24.11.2023,21,32,40,41,47,04,x/x,x/x,
1462,28.11.2023,04,17,25,26,46,05,x/x,x/x,
1463,01.12.2023,16,18,44,46,48,08,x/x,x/x,
1464,05.12.2023,19,20,21,30,39,12,x/x,x/x,
1465,08.12.2023,02,22,24,32,33,01,x/x,x/x,
1466,12.12.2023,07,09,15,38,41,17,x/x,x/x,
1467,15.12.2023,16,24,34,38,44,13,x/x,x/x,
1468,19.12.2023,04,17,25,28,35,02,x/x,x/x,
1469,22.12.2023,24,27,29,34,38,16,x/x,x/x,
1470,26.12.2023,06,29,30,34,38,12,x/x,x/x,
1471,29.12.2023,17,21,38,48,49,15,x/x,x/x,
1472,02.01.2024,09,20,23,46,50,05,x/x,x/x,
1473,05.01.2024,02,18,31,43,50,07,x/x,x/x,
1474,09.01.2024,12,20,24,33,43,19,x/x,x/x,
1475,12.01.2024,15,29,36,45,49,05,x/x,x/x,
1476,16.01.2024,05,29,40,42,47,06,x/x,x/x,
1477,19.01.2024,11,18,20,41,46,15,x/x,x/x,
1478,23.01.2024,09,16,21,26,39,16,x/x,x/x,
1479,26.01.2024,01,06,13,20,21,12,x/x,x/x,
1480,30.01.2024,01,08,30,39,44,03,x/x,x/x,
1481,02.02.2024,21,35,37,43,46,19,x/x,x/x,
1482,06.02.2024,02,06,10,18,28,15,x/x,x/x,
1483,09.02.2024,08,16,24,29,36,17,x/x,x/x,
1484,13.02.2024,13,15,30,32,46,17,x/x,x/x,
1485,16.02.2024,18,33,35,46,48,16,x/x,x/x,
1486,20.02.2024,04,13,16,21,32,04,x/x,x/x,
1487,23.02.2024,03,19,22,35,38,17,x/x,x/x,
1488,01.03.2024,10,30,35,42,46,10,x/x,x/x,
1489,05.03.2024,02,04,23,27,31,04,x/x,x/x,
1490,08.03.2024,07,18,19,27,28,14,x/x,x/x,
1491,12.03.2024,02,18,21,47,48,09,x/x,x/x,
1492,15.03.2024,04,09,20,22,33,20,x/x,x/x,
1493,19.03.2024,07,15,19,26,36,15,x/x,x/x,
1494,22.03.2024,09,10,36,43,44,07,x/x,x/x,
1495,26.03.2024,11,15,35,41,45,12,x/x,x/x,
1496,02.04.2024,13,20,28,39,47,18,x/x,x/x,
1497,05.04.2024,06,08,16,28,36,18,x/x,x/x,
1498,09.04.2024,05,07,31,36,42,10,x/x,x/x,
1499,12.04.2024,22,26,42,43,45,20,x/x,x/x,
1500,16.04.2024,06,14,26,32,41,03,x/x,x/x,
1501,19.04.2024,04,17,18,44,48,19,x/x,x/x,
1502,23.04.2024,13,20,26,37,42,07,x/x,x/x,
1503,30.04.2024,05,08,14,33,36,02,x/x,x/x,
1504,03.05.2024,28,31,33,37,44,02,x/x,x/x,
1505,07.05.2024,02,04,10,39,40,11,x/x,x/x,
1506,10.05.2024,09,21,33,43,44,10,x/x,x/x,
1507,14.05.2024,04,09,39,41,44,19,x/x,x/x,
1508,17.05.2024,18,22,23,31,32,18,x/x,x/x,
1509,21.05.2024,03,09,16,26,38,08,x/x,x/x,
1510,24.05.2024,04,14,16,18,25,11,x/x,x/x,
1511,28.05.2024,02,03,23,39,45,14,x/x,x/x,
1512,31.05.2024,17,20,22,35,43,07,x/x,x/x,
1513,04.06.2024,04,15,38,41,42,17,x/x,x/x,
1514,07.06.2024,06,09,17,37,41,19,x/x,x/x,
1515,11.06.2024,12,22,25,43,50,16,x/x,x/x,
1516,14.06.2024,19,24,40,45,49,07,x/x,x/x,
1517,18.06.2024,09,13,18,45,49,02,x/x,x/x,
1518,21.06.2024,09,29,30,33,49,10,x/x,x/x,
1519,25.06.2024,03,32,40,42,49,05,x/x,x/x,
1520,28.06.2024,19,22,31,40,47,05,x/x,x/x,
1521,02.07.2024,06,15,20,32,42,05,x/x,x/x,
1522,05.07.2024,18,19,22,38,49,15,x/x,x/x,
1523,09.07.2024,02,07,19,31,45,04,x/x,x/x,
1524,12.07.2024,05,10,26,37,44,15,x/x,x/x,
1525,16.07.2024,02,10,22,48,49,07,x/x,x/x,
1526,19.07.2024,02,06,09,31,37,06,x/x,x/x,
